,Player,Pos,Age,Tm,G,GS,MP,FG,FGA,FG%,3P,3PA,3P%,2P,2PA,2P%,eFG%,FT,FTA,FT%,ORB,DRB,TRB,AST,STL,BLK,TOV,PF,PTS
0,Steven Adams,C,29,MEM,27,27,26.6,3.5,5.9,.597,0.0,0.0,.000,3.5,5.9,.601,.597,0.9,2.7,.333,4.7,5.5,10.2,2.3,0.9,1.2,2.1,2.4,7.9
1,Bam Adebayo,C,25,MIA,29,29,35.0,8.3,15.4,.537,0.0,0.3,.100,8.2,15.1,.547,.538,4.3,5.1,.839,2.4,7.5,9.9,3.4,1.0,0.7,3.1,3.2,20.9
2,Ochai Agbaji,SG,22,UTA,15,0,8.3,1.1,2.7,.415,0.3,1.3,.250,0.8,1.4,.571,.476,0.3,0.6,.444,0.4,0.7,1.1,0.2,0.1,0.0,0.0,0.9,2.9
3,Santi Aldama,PF,22,MEM,29,16,24.1,3.5,7.4,.474,1.3,3.6,.356,2.2,3.8,.586,.560,1.6,2.1,.770,1.3,4.2,5.6,1.3,0.8,0.9,0.6,2.5,9.9
4,Nickeil Alexander-Walker,SG,24,UTA,23,2,15.4,2.5,5.1,.483,1.1,2.7,.413,1.3,2.4,.564,.593,0.7,1.0,.727,0.3,1.3,1.5,2.3,0.6,0.4,1.3,1.7,6.8
5,Grayson Allen,SG,27,MIL,28,26,27.4,3.4,7.5,.459,1.8,4.4,.410,1.6,3.1,.529,.579,1.9,2.0,.930,0.9,2.8,3.6,2.6,0.8,0.2,1.1,1.4,10.5
6,Jarrett Allen,C,24,CLE,26,26,33.5,5.7,9.1,.620,0.0,0.1,.000,5.7,9.0,.628,.620,2.8,3.8,.737,3.0,7.2,10.2,1.5,0.7,1.3,1.6,2.3,14.1
7,Jose Alvarado,PG,24,NOP,29,6,20.5,3.3,7.6,.443,1.5,4.0,.368,1.9,3.5,.529,.541,1.0,1.3,.769,0.4,1.8,2.2,3.2,1.2,0.1,1.4,2.3,9.2
8,Kyle Anderson,PF,29,MIN,25,10,24.3,2.6,5.5,.478,0.4,1.2,.345,2.2,4.4,.514,.514,1.6,2.0,.800,0.5,3.7,4.2,3.4,1.1,0.8,1.4,1.9,7.3
9,Giannis Antetokounmpo,PF,28,MIL,26,26,33.0,11.3,21.1,.537,0.8,3.1,.259,10.5,18.0,.585,.556,8.1,12.6,.640,2.1,9.1,11.2,5.1,0.8,1.0,3.7,3.6,31.6
10,Thanasis Antetokounmpo,SF,30,MIL,15,0,4.4,0.2,0.4,.500,0.0,0.1,.000,0.2,0.3,.600,.500,0.1,0.1,.500,0.3,0.7,0.9,0.2,0.0,0.2,0.3,0.3,0.5
11,Cole Anthony,PG,22,ORL,16,3,25.9,4.5,10.4,.431,1.3,3.9,.333,3.2,6.5,.490,.494,2.6,2.9,.891,0.4,3.9,4.3,4.1,0.9,0.3,1.6,3.2,12.9
12,OG Anunoby,SF,25,TOR,28,28,36.8,7.0,14.7,.473,1.6,4.8,.328,5.4,9.9,.543,.527,3.1,3.8,.821,1.4,4.4,5.8,2.1,2.3,0.9,2.4,2.9,18.6
13,Ryan Arcidiacono,PG,28,NYK,8,0,2.8,0.1,0.6,.200,0.1,0.4,.333,0.0,0.3,.000,.300,0.0,0.0,,0.0,0.5,0.5,0.3,0.3,0.0,0.1,0.3,0.4
14,Deni Avdija,SF,22,WAS,32,29,26.1,2.9,7.1,.416,0.9,3.1,.296,2.0,4.0,.508,.480,1.3,1.7,.796,0.8,4.7,5.5,2.7,0.8,0.7,1.4,3.1,8.1
15,Deandre Ayton,C,24,PHO,28,28,28.9,7.6,12.3,.624,0.2,0.5,.333,7.5,11.7,.637,.631,2.1,2.9,.732,3.1,6.6,9.7,2.0,0.5,0.8,2.1,2.9,17.6
16,Udoka Azubuike,C,23,UTA,14,0,4.3,0.9,1.0,.857,0.0,0.0,,0.9,1.0,.857,.857,0.1,0.4,.333,0.6,1.2,1.9,0.4,0.1,0.2,0.2,0.3,1.9
17,Marvin Bagley III,PF,23,DET,21,13,22.0,4.5,8.1,.550,0.4,1.2,.308,4.1,6.9,.593,.573,1.7,2.2,.783,2.1,4.0,6.1,0.6,0.6,0.7,1.0,2.0,11.0
18,Patrick Baldwin Jr.,SF,20,GSW,9,0,7.4,1.4,3.3,.433,1.1,2.7,.417,0.3,0.7,.500,.600,0.1,0.2,.500,0.0,1.2,1.2,0.2,0.3,0.0,0.2,0.0,4.1
19,,,,,,,,,,,,,,,,,,,,,,,,,,,,,
20,LaMelo Ball,PG,21,CHO,8,8,33.3,8.6,19.4,.445,4.4,11.3,.389,4.3,8.1,.523,.558,1.8,2.1,.824,0.5,3.9,4.4,8.0,0.9,0.3,3.1,3.3,23.4
21,Mo Bamba,C,24,ORL,27,5,19.0,3.0,6.0,.500,1.1,2.9,.372,1.9,3.1,.619,.590,1.1,1.6,.682,1.3,4.1,5.4,1.1,0.3,1.0,0.7,2.4,8.2
22,Paolo Banchero,PF,20,ORL,26,26,34.7,7.2,16.0,.448,1.2,4.0,.311,6.0,12.1,.494,.487,6.3,8.3,.751,1.2,5.7,6.9,4.0,1.0,0.6,3.0,2.3,21.9
23,Desmond Bane,SG,24,MEM,12,12,33.6,8.3,17.8,.465,3.8,8.5,.451,4.4,9.3,.477,.573,4.3,4.8,.912,0.5,4.4,4.9,4.8,0.6,0.3,2.3,2.4,24.7
24,Dalano Banton,PG,23,TOR,22,2,10.1,2.0,4.7,.423,0.6,2.0,.302,1.4,2.8,.508,.486,0.6,0.8,.824,0.4,1.0,1.5,1.2,0.5,0.5,0.6,1.1,5.2
25,Dominick Barlow,SF,19,SAS,4,0,6.5,0.8,1.8,.429,0.0,0.8,.000,0.8,1.0,.750,.429,1.0,1.0,1.000,0.5,0.3,0.8,0.8,0.3,0.0,0.0,0.8,2.5
26,Harrison Barnes,PF,30,SAC,30,30,31.5,4.3,8.8,.487,1.2,3.8,.310,3.1,5.1,.618,.553,4.2,5.2,.813,0.9,4.5,5.4,1.9,0.8,0.1,1.3,1.4,14.0
27,Scottie Barnes,PF,21,TOR,29,28,33.4,5.7,12.9,.440,1.1,3.4,.310,4.6,9.5,.487,.481,1.8,2.3,.750,1.8,4.8,6.6,4.6,0.8,0.7,2.3,1.8,14.2
28,RJ Barrett,SG,22,NYK,32,32,34.6,6.9,16.3,.423,1.7,5.5,.309,5.2,10.9,.480,.474,4.2,5.5,.761,0.9,4.5,5.4,3.0,0.6,0.2,2.4,2.3,19.7
29,Will Barton,SG,32,WAS,30,0,22.6,3.0,8.1,.374,1.4,3.9,.371,1.6,4.2,.378,.463,0.9,1.1,.818,0.2,2.8,3.1,2.8,0.5,0.3,1.2,1.2,8.4
30,Charles Bassey,C,22,SAS,20,1,14.9,2.3,3.4,.687,0.1,0.3,.333,2.2,3.1,.721,.701,0.7,1.1,.636,2.1,3.6,5.6,1.4,0.4,1.1,1.2,2.3,5.4
31,Keita Bates-Diop,SF,27,SAS,25,10,19.2,3.2,6.2,.526,0.5,1.5,.351,2.7,4.7,.581,.568,1.2,1.5,.816,1.3,1.9,3.2,0.9,0.7,0.2,0.8,0.8,8.2
32,Nicolas Batum,PF,34,LAC,33,4,20.9,2.2,4.7,.458,1.6,3.7,.430,0.6,1.0,.559,.626,0.4,0.7,.591,0.9,3.5,4.4,1.4,0.6,0.7,0.7,2.0,6.3
33,Darius Bazley,PF,22,OKC,21,1,16.9,2.2,5.1,.435,0.5,1.5,.355,1.7,3.7,.468,.486,0.9,1.7,.514,1.0,3.0,3.9,1.0,0.6,1.2,0.6,1.3,5.9
34,Bradley Beal,SG,29,WAS,20,20,34.9,8.7,16.8,.515,1.6,4.7,.333,7.1,12.2,.584,.561,4.6,5.3,.858,0.9,2.9,3.8,5.3,1.1,0.6,2.8,1.9,23.4
35,Malik Beasley,SG,26,UTA,34,5,27.3,5.1,12.3,.416,3.3,8.6,.387,1.8,3.7,.484,.551,0.6,0.7,.833,0.5,3.2,3.7,1.5,0.9,0.1,1.0,1.3,14.1
36,MarJon Beauchamp,SF,22,MIL,20,8,15.8,2.3,5.6,.414,1.2,3.2,.359,1.2,2.4,.489,.518,0.7,1.0,.737,1.0,1.9,2.9,0.6,0.6,0.1,1.2,1.8,6.5
37,Dāvis Bertāns,PF,30,DAL,13,0,8.5,1.4,3.3,.419,1.2,2.8,.432,0.2,0.5,.333,.605,0.4,0.5,.833,0.2,0.5,0.7,0.3,0.1,0.1,0.3,1.2,4.4
38,Patrick Beverley,PG,34,LAL,24,24,26.5,1.8,5.0,.358,0.8,3.1,.270,1.0,1.9,.500,.442,0.9,1.2,.786,0.5,3.0,3.5,2.6,0.9,0.5,1.0,2.8,5.3
39,Saddiq Bey,SF,23,DET,30,17,28.4,4.5,11.1,.402,1.6,5.2,.306,2.9,5.9,.489,.474,3.3,4.0,.833,0.9,3.1,4.0,1.5,0.8,0.1,1.0,1.6,13.9
40,,,,,,,,,,,,,,,,,,,,,,,,,,,,,
41,Khem Birch,C,30,TOR,18,0,8.2,1.0,1.7,.581,0.1,0.1,.500,0.9,1.6,.586,.597,0.2,0.3,.800,0.4,0.8,1.3,0.4,0.3,0.3,0.3,1.2,2.3
42,Goga Bitadze,C,23,IND,16,0,9.9,1.4,2.6,.548,0.2,0.8,.250,1.3,1.9,.667,.583,0.6,1.1,.500,1.0,1.3,2.3,1.0,0.4,0.6,0.6,1.8,3.6
43,Bismack Biyombo,C,30,PHO,26,4,13.6,1.6,2.8,.569,0.0,0.0,,1.6,2.8,.569,.569,0.5,1.2,.400,1.1,2.7,3.8,0.8,0.3,1.4,1.0,2.0,3.6
44,Buddy Boeheim,PG,23,DET,1,0,1.0,0.0,0.0,,0.0,0.0,,0.0,0.0,,,0.0,0.0,,0.0,0.0,0.0,0.0,0.0,0.0,0.0,0.0,0.0
45,Bogdan Bogdanović,SG,30,ATL,9,2,29.3,6.2,14.4,.431,3.8,9.1,.415,2.4,5.3,.458,.562,1.3,1.6,.857,0.2,4.0,4.2,2.1,0.7,0.1,2.0,1.0,17.6
46,Bojan Bogdanović,PF,33,DET,33,33,30.9,6.8,13.7,.492,2.5,5.9,.421,4.3,7.8,.547,.583,4.7,5.2,.902,0.5,3.1,3.6,2.4,0.5,0.0,2.3,1.8,20.7
47,Bol Bol,PF,23,ORL,33,28,26.2,4.9,8.4,.591,0.7,1.8,.390,4.2,6.6,.645,.632,1.5,1.9,.778,1.4,5.9,7.3,1.0,0.5,1.7,2.0,1.4,12.1
48,Leandro Bolmaro,SG,22,UTA,9,0,6.1,0.3,1.7,.200,0.0,0.2,.000,0.3,1.4,.231,.200,0.0,0.0,,0.3,0.1,0.4,0.7,0.3,0.1,0.7,0.8,0.7
49,Devin Booker,SG,26,PHO,28,28,35.6,10.1,21.1,.477,2.4,6.5,.370,7.7,14.6,.524,.534,5.5,6.4,.850,0.8,4.0,4.8,5.8,0.9,0.4,2.5,2.8,28.0
50,Brandon Boston Jr.,SG,21,LAC,13,0,9.5,1.8,4.7,.377,0.6,1.4,.444,1.2,3.3,.349,.443,1.2,1.5,.789,0.2,0.8,1.0,0.7,0.2,0.0,0.4,0.7,5.3
51,Chris Boucher,PF,30,TOR,28,0,22.7,3.7,8.2,.450,0.8,2.9,.272,2.9,5.3,.547,.498,2.5,3.3,.763,2.3,4.0,6.2,0.5,0.8,0.8,0.6,2.5,10.7
52,James Bouknight,SG,22,CHO,23,0,14.8,1.7,5.2,.336,0.7,2.7,.258,1.0,2.5,.421,.403,0.7,1.0,.682,0.2,1.9,2.1,1.2,0.5,0.2,0.8,1.3,4.8
53,Tony Bradley,C,25,CHI,9,0,2.8,0.4,0.8,.571,0.2,0.4,.500,0.2,0.3,.667,.714,0.2,0.2,1.000,0.1,1.0,1.1,0.1,0.1,0.0,0.1,0.1,1.3
54,Malaki Branham,SF,19,SAS,16,4,17.3,2.2,5.7,.385,0.9,3.3,.288,1.3,2.4,.513,.467,0.6,0.7,.818,0.2,1.4,1.6,1.6,0.4,0.1,0.9,1.2,5.9
55,Christian Braun,SG,21,DEN,28,1,14.7,1.4,3.2,.433,0.4,1.1,.313,1.0,2.1,.500,.489,0.4,0.7,.550,0.6,1.5,2.2,0.6,0.3,0.2,0.4,1.1,3.5
56,Mikal Bridges,SF,26,PHO,32,32,36.5,6.1,12.9,.469,1.9,4.7,.397,4.2,8.2,.510,.541,2.1,2.4,.883,1.1,3.7,4.8,3.0,1.2,0.8,1.2,2.2,16.1
57,Oshae Brissett,SF,24,IND,27,0,15.7,1.8,4.1,.429,0.9,2.5,.373,0.9,1.7,.511,.540,1.5,2.1,.719,0.7,2.3,3.0,0.4,0.7,0.2,0.6,1.3,6.0
58,Malcolm Brogdon,PG,30,BOS,27,0,24.1,4.9,10.1,.482,1.9,4.2,.451,3.0,5.9,.503,.575,2.4,2.8,.855,0.8,3.3,4.1,3.8,0.6,0.3,1.9,1.5,14.0
59,Dillon Brooks,SG,27,MEM,27,27,31.0,6.7,16.5,.406,2.4,6.9,.344,4.3,9.6,.450,.478,2.2,2.9,.779,0.8,3.0,3.8,2.9,0.9,0.1,1.7,3.2,18.0
60,Bruce Brown,PG,26,DEN,30,18,30.3,4.5,9.2,.487,1.3,3.2,.406,3.2,6.0,.530,.558,1.0,1.3,.816,1.0,3.4,4.4,4.3,0.9,0.7,1.7,2.6,11.3
61,,,,,,,,,,,,,,,,,,,,,,,,,,,,,
62,Greg Brown III,PF,21,POR,9,0,7.3,0.9,2.1,.421,0.1,0.6,.200,0.8,1.6,.500,.447,0.2,0.9,.250,0.2,1.0,1.2,0.0,0.4,0.6,0.6,0.9,2.1
63,Jaylen Brown,SF,26,BOS,30,30,35.8,9.8,20.0,.490,2.4,7.1,.335,7.4,12.9,.575,.549,4.2,5.2,.814,1.2,6.4,7.5,3.5,1.2,0.5,3.2,2.7,26.2
64,Kendall Brown,SG,19,IND,6,0,6.7,0.7,1.2,.571,0.0,0.2,.000,0.7,1.0,.667,.571,0.2,0.3,.500,0.3,0.7,1.0,0.5,0.7,0.0,0.3,1.5,1.5
65,Moses Brown,C,23,LAC,25,1,6.6,1.4,2.2,.618,0.0,0.0,,1.4,2.2,.618,.618,0.9,1.8,.478,1.2,1.6,2.9,0.1,0.0,0.4,0.3,0.9,3.6
66,Troy Brown Jr.,SF,23,LAL,28,17,23.0,2.4,5.6,.420,0.9,2.7,.316,1.5,2.9,.519,.497,0.7,0.7,1.000,0.8,3.3,4.1,0.8,0.7,0.1,0.9,1.5,6.3
67,Jalen Brunson,PG,26,NYK,32,32,32.2,7.3,15.7,.461,1.5,4.2,.366,5.7,11.5,.496,.510,4.3,4.9,.891,0.4,2.8,3.2,6.3,1.1,0.2,2.1,2.4,20.4
68,Thomas Bryant,C,25,LAL,17,5,17.6,4.1,6.1,.663,0.6,1.2,.476,3.5,4.9,.711,.712,1.9,2.8,.688,1.4,3.5,4.9,0.9,0.4,0.5,0.7,1.9,10.6
69,Reggie Bullock,SF,31,DAL,31,21,28.1,1.7,4.9,.340,1.3,4.1,.315,0.4,0.8,.462,.471,0.5,0.7,.714,0.4,3.0,3.4,1.0,0.7,0.1,0.4,2.2,5.1
70,Alec Burks,SG,31,DET,21,0,20.5,4.1,9.1,.450,1.8,4.4,.398,2.3,4.7,.500,.547,3.3,4.2,.787,0.2,2.5,2.8,1.8,0.8,0.1,1.0,2.5,13.3
71,Jimmy Butler,SF,33,MIA,20,20,35.2,7.4,14.0,.529,0.8,2.1,.366,6.7,12.0,.556,.555,6.3,7.7,.818,2.1,4.7,6.8,5.9,1.9,0.4,1.9,1.6,21.9
72,John Butler,C,20,POR,4,0,3.8,0.3,0.8,.333,0.0,0.5,.000,0.3,0.3,1.000,.333,0.0,0.0,,0.3,0.3,0.5,0.3,0.0,0.3,0.0,0.0,0.5
73,Jamal Cain,SF,23,MIA,9,0,11.2,1.8,3.3,.533,0.1,0.7,.167,1.7,2.7,.625,.550,0.6,0.9,.625,0.8,1.6,2.3,0.6,0.6,0.0,0.2,1.1,4.2
74,Kentavious Caldwell-Pope,SG,29,DEN,29,29,31.3,4.1,8.7,.470,2.1,4.5,.458,2.0,4.1,.483,.590,1.1,1.3,.795,0.5,2.7,3.2,2.1,1.1,0.4,1.2,2.0,11.3
75,Facundo Campazzo,PG,31,DAL,8,0,6.5,0.4,1.6,.231,0.4,1.4,.273,0.0,0.3,.000,.346,0.1,0.3,.500,0.0,0.3,0.3,1.1,0.8,0.0,0.4,0.4,1.3
76,Vlatko Čančar,PF,25,DEN,21,0,11.0,1.5,3.2,.478,0.8,1.7,.444,0.8,1.5,.516,.597,0.3,0.3,.857,0.3,1.4,1.7,0.9,0.3,0.2,0.7,1.3,4.1
77,Clint Capela,C,28,ATL,26,26,27.6,5.5,8.7,.633,0.0,0.0,,5.5,8.7,.633,.633,1.1,1.8,.583,4.4,7.6,12.0,0.8,0.6,1.3,0.9,2.3,12.1
78,Vernon Carey Jr.,C,21,WAS,3,0,1.7,0.0,0.7,.000,0.0,0.0,,0.0,0.7,.000,.000,0.0,0.0,,0.0,0.3,0.3,0.0,0.0,0.0,0.3,0.7,0.0
79,Jevon Carter,PG,27,MIL,31,24,25.5,2.9,6.8,.420,1.4,3.5,.404,1.5,3.3,.437,.524,0.5,0.6,.850,0.7,2.2,2.9,3.2,1.3,0.5,1.3,2.2,7.7
80,Wendell Carter Jr.,C,23,ORL,15,15,32.9,5.8,11.3,.515,1.2,3.5,.346,4.6,7.8,.590,.568,3.8,4.6,.826,2.1,6.9,9.1,3.3,0.5,0.5,2.6,3.2,16.6
81,Alex Caruso,PG,28,CHI,30,14,25.0,1.8,4.0,.438,0.8,2.2,.373,0.9,1.8,.519,.541,1.0,1.3,.763,0.4,2.4,2.8,3.6,1.6,0.7,1.4,2.3,5.3
82,,,,,,,,,,,,,,,,,,,,,,,,,,,,,
83,Julian Champagnie,SF,21,PHI,2,0,3.5,0.0,1.0,.000,0.0,0.5,.000,0.0,0.5,.000,.000,0.0,0.0,,0.0,0.0,0.0,0.0,0.5,0.0,0.0,0.0,0.0
84,Justin Champagnie,SF,21,TOR,3,0,3.7,1.0,1.0,1.000,0.0,0.0,,1.0,1.0,1.000,1.000,0.0,0.0,,0.3,1.0,1.3,0.3,0.0,0.0,0.0,0.3,2.0
85,Kennedy Chandler,PG,20,MEM,14,0,10.5,1.3,3.4,.375,0.1,0.9,.167,1.1,2.6,.444,.396,0.2,0.5,.429,0.2,1.4,1.6,2.4,0.6,0.3,0.9,0.5,2.9
86,Max Christie,SG,19,LAL,15,0,14.5,1.3,3.4,.373,0.9,2.1,.438,0.3,1.3,.263,.510,0.2,0.3,.750,0.3,2.5,2.8,0.6,0.2,0.1,0.3,0.6,3.7
87,Josh Christopher,SG,21,HOU,18,0,7.0,1.2,2.8,.440,0.2,0.8,.214,1.1,2.0,.528,.470,0.3,0.3,.833,0.3,0.8,1.1,0.6,0.3,0.1,0.7,0.7,2.9
88,Brandon Clarke,PF,26,MEM,30,3,19.5,4.1,6.4,.649,0.0,0.2,.167,4.1,6.2,.665,.652,1.6,2.3,.706,1.2,4.0,5.2,1.2,0.3,0.8,1.1,2.4,9.9
89,Jordan Clarkson,SG,30,UTA,33,33,32.4,7.3,16.8,.436,2.7,7.7,.350,4.6,9.1,.508,.516,2.8,3.4,.820,1.2,2.6,3.8,4.5,0.5,0.3,2.8,1.9,20.1
90,Nic Claxton,C,23,BRK,29,29,27.8,5.1,7.0,.738,0.0,0.0,.000,5.1,6.9,.741,.738,1.3,2.9,.458,2.6,6.0,8.6,1.3,0.7,2.3,1.2,2.9,11.6
91,Amir Coffey,SG,25,LAC,27,7,14.8,1.2,3.2,.384,0.3,1.0,.346,0.9,2.2,.400,.436,1.2,1.5,.805,0.4,0.8,1.2,1.2,0.2,0.1,0.5,1.2,4.0
92,John Collins,PF,25,ATL,24,24,30.6,4.6,9.4,.489,0.7,3.1,.213,3.9,6.3,.627,.524,2.1,2.5,.850,1.1,6.3,7.4,1.3,0.9,1.3,1.3,3.2,12.0
93,Zach Collins,PF,25,SAS,19,6,20.9,3.5,6.5,.532,0.6,2.0,.316,2.8,4.5,.628,.581,1.3,1.7,.781,1.9,3.9,5.8,2.9,0.5,1.0,2.5,3.8,8.9
94,Mike Conley,PG,35,UTA,23,22,28.8,3.3,8.5,.383,1.7,4.9,.348,1.6,3.7,.429,.482,1.3,1.9,.705,0.4,1.8,2.2,7.5,1.1,0.2,1.5,2.1,9.6
95,Pat Connaughton,SG,30,MIL,15,0,19.3,2.4,7.1,.340,1.5,5.1,.299,0.9,1.9,.448,.448,0.7,0.9,.769,0.6,2.7,3.3,0.7,0.5,0.2,0.5,1.3,7.0
96,Robert Covington,PF,32,LAC,20,0,15.6,1.9,4.9,.381,1.0,3.1,.311,0.9,1.8,.500,.479,0.7,0.9,.824,0.5,3.1,3.6,1.2,0.5,0.7,0.8,2.0,5.4
97,Torrey Craig,SF,32,PHO,29,21,24.6,3.2,6.7,.477,1.3,3.4,.390,1.8,3.2,.570,.578,0.5,0.7,.789,2.1,3.2,5.3,1.6,0.7,0.7,0.7,2.4,8.2
98,Jarrett Culver,SG,23,ATL,10,1,13.7,1.7,4.3,.395,0.1,1.2,.083,1.6,3.1,.516,.407,0.9,1.3,.692,1.0,2.8,3.8,0.6,0.6,0.2,0.7,1.4,4.4
99,Cade Cunningham,PG,21,DET,12,12,33.3,7.8,18.7,.415,1.4,5.1,.279,6.3,13.6,.466,.453,3.0,3.6,.837,1.0,5.2,6.2,6.0,0.8,0.6,3.3,2.8,19.9
100,Seth Curry,SG,32,BRK,21,0,21.6,3.1,7.0,.446,1.6,4.0,.400,1.5,3.0,.508,.561,0.8,0.9,.944,0.2,1.9,2.1,2.4,0.6,0.2,1.0,2.0,8.7
101,Stephen Curry,PG,34,GSW,26,26,34.4,10.1,20.2,.500,5.0,11.6,.434,5.0,8.5,.590,.625,4.8,5.2,.919,0.6,6.0,6.6,6.8,1.0,0.3,3.1,2.1,30.0
102,Dyson Daniels,PG,19,NOP,22,5,20.0,2.1,4.2,.500,0.7,1.6,.417,1.4,2.5,.554,.582,0.7,1.0,.682,0.6,2.9,3.5,2.3,0.7,0.2,0.9,2.1,5.5
103,,,,,,,,,,,,,,,,,,,,,,,,,,,,,
104,Anthony Davis,C,29,LAL,25,25,33.4,10.2,17.2,.594,0.4,1.2,.290,9.8,15.9,.618,.605,6.6,8.0,.826,3.1,9.0,12.1,2.6,1.3,2.1,1.9,2.7,27.4
105,Johnny Davis,SG,20,WAS,8,0,5.6,0.4,1.4,.273,0.0,0.3,.000,0.4,1.1,.333,.273,0.4,0.4,1.000,0.1,0.5,0.6,0.3,0.0,0.1,0.1,1.5,1.1
106,Terence Davis,SG,25,SAC,26,2,13.8,2.6,5.9,.435,1.5,4.0,.365,1.1,1.9,.580,.558,0.5,0.7,.824,0.5,2.2,2.7,1.3,0.8,0.3,0.9,2.0,7.2
107,JD Davison,PG,20,BOS,3,0,2.7,0.3,1.3,.250,0.0,0.7,.000,0.3,0.7,.500,.250,0.0,0.0,,0.0,0.3,0.3,0.3,0.3,0.0,0.3,0.0,0.7
108,Dewayne Dedmon,C,33,MIA,26,0,12.2,2.4,4.7,.508,0.4,1.4,.306,2.0,3.3,.593,.553,1.2,1.6,.714,1.0,2.7,3.7,0.6,0.2,0.5,0.7,2.0,6.3
109,Matthew Dellavedova,PG,32,SAC,14,0,7.1,0.5,1.6,.304,0.2,0.7,.300,0.3,0.9,.308,.370,0.1,0.2,.333,0.1,0.3,0.4,1.4,0.4,0.0,0.4,0.9,1.3
110,DeMar DeRozan,SF,33,CHI,31,31,35.5,9.1,18.0,.508,0.4,1.4,.295,8.7,16.5,.526,.520,7.2,8.1,.888,0.5,4.5,5.0,4.7,0.8,0.4,2.0,2.7,25.9
111,Moussa Diabaté,PF,21,LAC,8,1,11.3,1.6,3.0,.542,0.0,0.0,,1.6,3.0,.542,.542,0.9,1.1,.778,2.5,1.5,4.0,0.3,0.4,0.1,0.6,1.3,4.1
112,Mamadi Diakite,PF,26,CLE,11,2,7.5,0.9,1.9,.476,0.4,1.1,.333,0.5,0.8,.667,.571,0.0,0.0,,0.3,0.7,1.0,0.2,0.2,0.5,0.5,1.0,2.2
113,Hamidou Diallo,SG,24,DET,27,0,14.6,2.4,4.9,.489,0.1,0.5,.154,2.3,4.4,.525,.496,1.4,2.3,.623,0.9,1.9,2.7,0.9,0.5,0.2,0.8,2.0,6.2
114,Gorgui Dieng,C,33,SAS,12,1,11.8,1.5,3.7,.409,0.8,2.6,.290,0.8,1.1,.692,.511,0.3,0.3,.750,1.0,2.3,3.3,1.8,0.1,0.4,1.0,1.8,4.0
115,Ousmane Dieng,SF,19,OKC,14,0,15.7,1.8,4.2,.424,0.7,2.4,.294,1.1,1.8,.600,.508,0.1,0.3,.250,0.4,2.4,2.9,1.4,0.4,0.3,0.5,0.9,4.4
116,Spencer Dinwiddie,PG,29,DAL,31,31,31.9,5.8,12.5,.463,2.7,6.5,.421,3.1,6.0,.508,.572,2.3,2.8,.826,0.4,2.9,3.3,5.3,1.0,0.3,1.7,2.3,16.6
117,Donte DiVincenzo,SG,26,GSW,23,4,20.5,2.2,5.6,.388,1.4,3.7,.372,0.8,1.9,.419,.512,0.7,0.9,.800,0.9,3.3,4.1,2.7,1.2,0.1,1.4,2.0,6.4
118,Luka Dončić,PG,23,DAL,29,29,36.3,11.0,22.2,.494,2.8,8.2,.345,8.1,14.0,.581,.557,7.4,10.1,.737,0.8,7.4,8.3,8.7,1.6,0.6,3.7,2.8,32.2
119,Tyler Dorsey,SG,26,DAL,2,0,3.5,2.0,2.5,.800,0.5,1.0,.500,1.5,1.5,1.000,.900,0.0,0.0,,0.5,0.5,1.0,0.0,0.0,0.0,0.0,0.0,4.5
120,Luguentz Dort,SG,23,OKC,31,31,30.6,4.8,11.8,.403,1.7,5.3,.323,3.1,6.5,.468,.475,2.6,3.5,.766,1.5,2.8,4.4,2.4,1.0,0.4,1.6,3.3,13.9
121,Ayo Dosunmu,PG,23,CHI,29,21,26.3,3.9,7.6,.509,0.9,2.8,.329,2.9,4.8,.616,.570,0.8,1.0,.828,0.6,2.5,3.1,2.7,0.7,0.3,1.4,2.3,9.5
122,Devon Dotson,PG,23,WAS,5,0,10.0,0.2,2.0,.100,0.2,0.8,.250,0.0,1.2,.000,.150,0.0,0.0,,1.2,0.8,2.0,1.4,0.8,0.0,0.6,1.8,0.6
123,Jeff Dowtin,PG,25,TOR,9,0,7.4,1.0,2.0,.500,0.1,0.4,.250,0.9,1.6,.571,.528,0.1,0.1,1.000,0.4,0.7,1.1,0.9,0.0,0.1,0.1,0.4,2.2
124,,,,,,,,,,,,,,,,,,,,,,,,,,,,,
125,Goran Dragić,PG,36,CHI,29,0,17.0,3.0,6.8,.439,1.1,2.8,.400,1.9,4.0,.466,.520,0.8,1.2,.647,0.4,1.2,1.6,3.1,0.2,0.1,1.2,1.4,7.8
126,Andre Drummond,C,29,CHI,24,0,13.7,2.6,4.6,.564,0.0,0.1,.000,2.6,4.5,.574,.564,0.9,1.6,.579,2.1,4.9,7.0,0.8,0.6,0.3,1.2,2.0,6.1
127,Chris Duarte,SF,25,IND,11,5,18.7,3.2,7.8,.407,1.5,4.1,.378,1.6,3.7,.439,.506,1.2,1.5,.765,0.4,1.8,2.2,0.9,0.1,0.4,0.9,1.6,9.1
128,David Duke Jr.,SG,23,BRK,14,0,9.0,1.4,3.1,.442,0.0,0.4,.000,1.4,2.6,.514,.442,0.3,0.6,.500,0.4,0.6,1.1,0.9,0.4,0.1,0.9,1.6,3.0
129,Kevin Durant,PF,34,BRK,31,31,36.5,10.8,19.2,.564,1.7,4.6,.361,9.1,14.5,.629,.608,6.8,7.4,.926,0.3,6.3,6.6,5.3,0.8,1.6,3.5,2.4,30.1
130,Jalen Duren,C,19,DET,31,7,23.4,3.1,4.9,.625,0.0,0.0,.000,3.1,4.9,.629,.625,1.1,1.9,.550,3.2,5.0,8.2,0.8,0.6,0.8,1.2,2.5,7.2
131,Tari Eason,PF,21,HOU,31,0,18.9,3.2,7.5,.431,0.8,2.0,.381,2.5,5.5,.450,.483,1.4,1.7,.827,2.1,3.2,5.2,0.8,1.2,0.5,0.9,2.2,8.6
132,Anthony Edwards,SG,21,MIN,32,32,36.5,8.3,18.1,.455,2.5,6.9,.362,5.8,11.2,.513,.524,4.0,5.3,.754,0.7,5.3,6.0,4.5,1.8,0.4,3.2,2.8,23.0
133,Kessler Edwards,SF,22,BRK,13,1,5.7,0.5,1.7,.273,0.2,0.8,.182,0.3,0.8,.364,.318,0.1,0.2,.500,0.5,0.6,1.1,0.2,0.2,0.1,0.3,0.2,1.2
134,Keon Ellis,SG,23,SAC,3,0,3.0,0.0,0.3,.000,0.0,0.3,.000,0.0,0.0,,.000,0.0,0.0,,0.0,0.7,0.7,0.3,0.0,0.0,0.0,0.7,0.0
135,Joel Embiid,C,28,PHI,22,22,35.8,10.6,20.2,.524,1.1,3.1,.348,9.5,17.1,.556,.551,10.3,12.0,.856,1.6,8.3,9.9,4.7,1.2,1.6,4.0,3.1,32.5
136,Drew Eubanks,C,25,POR,30,4,17.8,2.5,3.3,.750,0.0,0.1,.500,2.5,3.3,.755,.755,0.8,1.2,.676,1.5,2.7,4.2,1.0,0.5,1.0,0.8,1.9,5.9
137,Bruno Fernando,C,24,HOU,14,3,11.1,1.9,3.1,.591,0.0,0.1,.000,1.9,3.1,.605,.591,0.8,1.3,.611,1.7,2.3,4.0,1.1,0.3,0.7,0.6,2.2,4.5
138,Dorian Finney-Smith,PF,29,DAL,31,31,31.6,3.0,7.5,.401,1.9,5.4,.345,1.1,2.1,.547,.526,0.5,0.8,.640,1.4,2.6,4.0,1.2,1.0,0.5,0.9,1.9,8.4
139,Malachi Flynn,PG,24,TOR,20,1,14.3,2.4,5.8,.414,1.4,3.0,.458,1.1,2.9,.368,.530,0.6,0.7,.846,0.4,1.0,1.4,1.3,0.4,0.1,0.6,1.5,6.7
140,Simone Fontecchio,SF,27,UTA,19,0,9.6,1.4,3.6,.397,0.9,2.5,.375,0.5,1.1,.450,.529,0.5,0.7,.643,0.5,0.7,1.3,0.4,0.2,0.2,0.5,0.8,4.3
141,Bryn Forbes,SG,29,MIN,18,0,10.8,1.3,3.6,.354,0.5,1.8,.273,0.8,1.8,.438,.423,0.6,0.6,1.000,0.2,0.4,0.6,0.7,0.4,0.1,0.4,0.8,3.6
142,Trent Forrest,PG,24,ATL,13,3,15.1,1.5,3.2,.476,0.0,0.2,.000,1.5,3.1,.500,.476,0.2,0.2,.667,0.4,1.5,1.8,2.0,0.5,0.2,0.5,1.1,3.2
143,Michael Foster Jr.,PF,20,PHI,1,0,1.0,0.0,0.0,,0.0,0.0,,0.0,0.0,,,0.0,0.0,,0.0,0.0,0.0,0.0,0.0,0.0,0.0,0.0,0.0
144,Evan Fournier,SG,30,NYK,13,7,20.0,2.4,6.9,.344,1.5,4.4,.333,0.9,2.5,.364,.450,0.7,0.8,.818,0.2,1.9,2.1,1.7,0.7,0.2,1.1,2.2,6.9
145,,,,,,,,,,,,,,,,,,,,,,,,,,,,,
146,De'Aaron Fox,PG,25,SAC,27,27,32.3,8.5,17.0,.498,1.8,5.2,.343,6.7,11.9,.566,.550,4.4,5.4,.803,0.4,4.5,4.9,5.6,1.0,0.4,2.6,2.7,23.1
147,Markelle Fultz,SG,24,ORL,12,12,27.2,4.8,10.3,.468,0.6,1.3,.438,4.3,9.0,.472,.496,1.3,1.9,.696,1.3,2.3,3.5,4.9,1.3,0.3,2.5,2.6,11.6
148,Wenyen Gabriel,PF,25,LAL,22,2,14.3,2.0,3.5,.592,0.2,0.6,.308,1.9,2.9,.651,.618,0.9,1.1,.792,1.4,2.4,3.7,0.6,0.5,0.5,0.8,1.9,5.1
149,Daniel Gafford,C,24,WAS,32,1,14.8,2.7,3.6,.741,0.0,0.0,,2.7,3.6,.741,.741,1.2,2.0,.569,1.7,2.7,4.4,0.5,0.4,1.1,0.8,1.7,6.5
150,Darius Garland,PG,23,CLE,27,27,36.0,7.1,16.6,.432,2.4,6.3,.382,4.7,10.3,.462,.504,4.0,4.6,.878,0.4,2.3,2.7,7.8,1.4,0.2,3.3,2.1,20.7
151,Usman Garuba,PF,20,HOU,29,1,14.8,1.2,2.4,.493,0.2,0.5,.467,1.0,1.9,.500,.542,0.5,1.0,.536,1.9,3.0,4.9,1.0,0.9,0.6,0.7,1.7,3.2
152,Luka Garza,C,24,MIN,6,0,4.2,0.8,1.5,.556,0.0,0.5,.000,0.8,1.0,.833,.556,0.5,0.7,.750,0.3,0.8,1.2,0.5,0.0,0.0,0.2,0.8,2.2
153,Rudy Gay,SF,36,UTA,20,0,16.0,1.8,5.2,.350,0.7,2.7,.241,1.2,2.5,.469,.413,0.5,0.7,.692,0.6,2.7,3.3,0.8,0.6,0.5,0.7,1.3,4.7
154,Paul George,SF,32,LAC,23,23,34.0,8.0,17.9,.449,2.9,7.7,.381,5.1,10.3,.500,.530,4.4,5.0,.878,0.7,5.6,6.3,5.0,1.4,0.5,3.6,2.6,23.4
155,Taj Gibson,PF,37,WAS,19,1,7.6,0.9,2.1,.450,0.2,0.6,.273,0.8,1.5,.517,.488,0.7,0.8,.813,0.4,0.9,1.3,0.4,0.4,0.2,0.4,1.5,2.7
156,Josh Giddey,SG,20,OKC,27,27,30.9,6.3,13.6,.462,1.0,3.0,.317,5.3,10.6,.503,.497,1.1,1.5,.725,1.7,6.4,8.0,5.5,0.6,0.4,3.2,1.9,14.6
157,Shai Gilgeous-Alexander,SG,24,OKC,29,29,35.7,10.3,20.7,.498,1.0,3.0,.333,9.3,17.7,.526,.523,9.6,10.3,.930,0.8,3.9,4.7,5.7,1.7,1.0,3.4,2.6,31.2
158,Anthony Gill,PF,30,WAS,26,4,11.2,1.2,2.0,.566,0.1,0.5,.143,1.1,1.5,.718,.585,0.5,0.6,.867,0.6,1.0,1.5,0.5,0.2,0.2,0.2,1.3,2.9
159,Rudy Gobert,C,30,MIN,27,27,31.3,5.4,8.2,.661,0.0,0.1,.000,5.4,8.1,.670,.661,3.4,5.0,.694,3.7,8.6,12.3,0.9,0.9,1.3,1.6,3.1,14.3
160,Jordan Goodwin,PG,24,WAS,25,3,21.8,3.0,6.3,.475,0.8,1.9,.396,2.2,4.4,.509,.535,1.0,1.3,.727,1.2,2.9,4.1,3.1,1.2,0.6,1.0,1.9,7.7
161,Aaron Gordon,PF,27,DEN,27,27,29.5,6.6,10.9,.609,1.1,2.7,.392,5.6,8.1,.682,.658,2.9,4.4,.658,2.3,4.1,6.4,2.1,0.9,0.8,1.6,1.9,17.3
162,Eric Gordon,SG,34,HOU,27,27,29.6,3.9,9.4,.417,1.9,5.3,.354,2.0,4.1,.500,.518,1.7,2.0,.852,0.3,1.7,2.0,2.4,0.7,0.4,1.8,0.8,11.4
163,Devonte' Graham,PG,27,NOP,30,0,14.9,1.6,4.3,.369,1.3,3.5,.358,0.3,0.8,.417,.515,0.8,1.0,.806,0.2,1.2,1.5,2.0,0.5,0.2,0.6,0.8,5.3
164,Jerami Grant,PF,28,POR,30,30,35.9,7.2,15.2,.476,2.6,5.9,.441,4.6,9.3,.498,.561,4.8,6.1,.786,0.9,3.3,4.2,2.7,0.8,0.8,1.9,2.3,21.8
165,A.J. Green,SG,23,MIL,12,0,5.8,1.1,2.0,.542,0.8,1.6,.474,0.3,0.4,.800,.729,0.3,0.3,1.000,0.2,0.5,0.7,0.3,0.1,0.0,0.2,0.9,3.2
166,,,,,,,,,,,,,,,,,,,,,,,,,,,,,
167,Draymond Green,PF,32,GSW,29,29,30.6,3.3,6.2,.536,0.5,1.7,.313,2.8,4.6,.617,.577,1.0,1.4,.700,0.7,5.3,6.0,6.6,0.7,0.7,2.5,2.9,8.2
168,Jalen Green,SG,20,HOU,31,31,34.4,7.2,17.6,.411,2.2,7.1,.312,5.0,10.5,.478,.474,4.6,5.8,.793,0.6,3.6,4.2,3.6,0.8,0.3,3.0,1.7,21.3
169,JaMychal Green,PF,32,GSW,28,1,14.9,2.3,4.5,.512,0.5,1.8,.265,1.8,2.7,.671,.564,0.8,1.1,.733,1.4,2.6,4.0,0.8,0.5,0.4,1.1,2.0,5.8
170,Javonte Green,SG,29,CHI,25,1,16.2,2.2,3.8,.583,0.5,1.2,.387,1.8,2.6,.677,.646,0.9,1.4,.657,1.0,2.1,3.1,0.8,0.8,0.7,0.7,1.6,5.9
171,Jeff Green,PF,36,DEN,23,3,19.5,2.9,5.6,.523,0.3,1.3,.267,2.6,4.3,.602,.555,1.5,2.2,.686,0.9,1.9,2.8,1.2,0.4,0.3,1.0,1.8,7.7
172,Josh Green,SG,22,DAL,25,1,20.3,2.4,4.1,.583,1.0,2.2,.444,1.4,2.0,.735,.699,1.3,1.8,.711,0.9,1.4,2.3,1.2,0.9,0.0,0.7,2.5,7.0
173,AJ Griffin,SF,19,ATL,28,8,21.5,4.3,9.0,.474,1.8,4.8,.381,2.5,4.3,.580,.575,0.4,0.5,.857,0.7,1.6,2.3,1.0,1.1,0.1,0.8,1.3,10.8
174,Blake Griffin,PF,33,BOS,14,8,15.9,2.0,3.9,.509,0.6,1.6,.348,1.4,2.3,.625,.582,1.1,1.5,.714,1.1,3.1,4.2,1.3,0.2,0.1,0.4,2.1,5.6
175,Quentin Grimes,SG,22,NYK,21,16,25.0,3.0,6.1,.488,1.5,4.0,.386,1.5,2.2,.674,.612,1.1,1.3,.821,0.7,2.6,3.3,1.9,0.7,0.5,1.0,2.7,8.6
176,Rui Hachimura,PF,24,WAS,16,0,23.5,4.8,9.9,.481,0.8,2.3,.333,4.0,7.6,.525,.519,1.3,1.8,.724,0.8,4.1,4.8,1.1,0.3,0.5,1.4,1.1,11.6
177,Tyrese Haliburton,PG,22,IND,30,30,33.5,7.2,15.3,.472,2.9,7.4,.389,4.3,7.9,.549,.566,2.7,3.1,.871,0.7,3.3,4.0,10.6,1.7,0.4,2.7,1.1,20.0
178,Jordan Hall,SF,21,SAS,9,0,9.2,1.0,3.1,.321,0.3,1.7,.200,0.7,1.4,.462,.375,0.8,1.0,.778,0.3,1.0,1.3,1.2,0.1,0.0,0.8,0.7,3.1
179,R.J. Hampton,PG,21,ORL,21,0,15.6,2.2,5.0,.438,0.8,2.3,.347,1.4,2.7,.518,.519,1.3,1.5,.871,0.4,1.2,1.6,1.5,0.8,0.2,0.9,1.0,6.5
180,Tim Hardaway Jr.,SG,30,DAL,30,13,26.5,4.3,11.3,.379,2.8,7.7,.361,1.5,3.7,.418,.501,2.0,2.5,.776,0.3,2.5,2.7,1.7,0.9,0.1,1.0,1.3,13.3
181,James Harden,SG,33,PHI,16,16,37.6,6.8,15.6,.434,2.6,7.2,.357,4.2,8.4,.500,.516,5.4,6.2,.869,0.6,5.8,6.3,10.3,1.3,0.6,3.8,2.2,21.4
182,Jaden Hardy,SG,20,DAL,9,0,7.1,1.6,4.4,.350,0.1,1.3,.083,1.4,3.1,.464,.363,1.0,1.0,1.000,0.0,0.9,0.9,0.3,0.1,0.2,0.3,1.0,4.2
183,Ron Harper Jr.,SF,22,TOR,2,0,4.0,1.0,2.0,.500,1.0,1.5,.667,0.0,0.5,.000,.750,0.0,0.0,,0.0,0.5,0.5,0.0,0.0,0.0,0.0,0.0,3.0
184,Montrezl Harrell,C,29,PHI,26,5,11.5,1.8,3.2,.554,0.0,0.0,,1.8,3.2,.554,.554,1.4,2.0,.712,1.0,1.7,2.7,0.6,0.3,0.5,0.6,1.1,5.0
185,Gary Harris,SG,28,ORL,6,3,25.8,3.8,8.0,.479,1.7,3.8,.435,2.2,4.2,.520,.583,1.0,1.0,1.000,0.8,1.8,2.7,2.0,0.7,0.3,1.5,2.2,10.3
186,Joe Harris,SG,31,BRK,29,18,25.7,3.1,7.3,.425,1.9,5.0,.382,1.2,2.3,.515,.554,0.4,0.6,.706,0.4,2.4,2.8,1.7,0.6,0.3,0.6,2.5,8.5
187,,,,,,,,,,,,,,,,,,,,,,,,,,,,,
188,Kevon Harris,SG,25,ORL,25,0,12.0,1.1,2.8,.400,0.4,1.0,.423,0.7,1.8,.386,.479,0.9,1.0,.846,0.8,1.1,2.0,0.4,0.4,0.1,0.6,1.3,3.6
189,Tobias Harris,PF,30,PHI,27,27,34.2,6.6,13.2,.496,2.3,5.4,.422,4.3,7.8,.548,.583,1.7,2.0,.868,0.9,5.3,6.2,2.8,1.3,0.5,1.4,2.3,17.1
190,Josh Hart,SG,27,POR,30,30,34.4,3.6,7.2,.502,0.7,2.0,.373,2.9,5.3,.551,.553,1.7,2.3,.750,2.1,6.2,8.2,3.8,1.3,0.1,1.7,2.7,9.7
191,Isaiah Hartenstein,C,24,NYK,32,7,20.3,2.5,4.9,.506,0.2,0.8,.222,2.3,4.0,.566,.526,0.7,0.9,.793,3.0,3.9,7.0,0.9,0.7,0.8,0.9,2.5,5.8
192,Udonis Haslem,PF,42,MIA,5,1,7.2,0.2,2.0,.100,0.0,0.2,.000,0.2,1.8,.111,.100,0.2,0.4,.500,0.6,0.6,1.2,0.0,0.2,0.2,0.0,1.4,0.6
193,Sam Hauser,PF,25,BOS,32,0,16.2,2.3,4.9,.465,1.8,4.2,.422,0.5,0.7,.727,.646,0.2,0.3,.778,0.5,2.1,2.6,0.7,0.3,0.3,0.3,1.3,6.6
194,Jaxson Hayes,C,22,NOP,10,0,7.3,0.3,1.7,.176,0.0,0.9,.000,0.3,0.8,.375,.176,0.4,0.7,.571,0.3,1.4,1.7,0.5,0.3,0.1,0.4,0.6,1.0
195,Killian Hayes,PG,21,DET,34,21,25.2,3.5,9.4,.374,1.0,3.2,.309,2.5,6.2,.408,.427,0.7,0.9,.793,0.5,2.4,2.8,5.2,1.1,0.4,1.7,3.1,8.7
196,Gordon Hayward,SF,32,CHO,15,15,32.7,5.6,12.7,.442,1.3,3.7,.357,4.3,8.9,.478,.495,2.7,3.5,.755,0.9,4.1,4.9,4.1,0.7,0.3,2.4,1.2,15.2
197,Juancho Hernangómez,PF,27,TOR,21,7,19.1,1.9,3.7,.513,0.6,2.0,.310,1.3,1.7,.750,.596,0.2,0.5,.455,1.0,3.1,4.1,0.7,0.5,0.2,0.6,1.4,4.7
198,Willy Hernangómez,C,28,NOP,13,0,8.9,1.7,3.2,.524,0.1,0.4,.200,1.6,2.8,.568,.536,1.6,2.0,.808,1.2,2.0,3.2,0.5,0.3,0.2,1.0,1.0,5.1
199,Tyler Herro,SG,23,MIA,24,24,35.2,7.5,16.3,.457,3.4,8.3,.409,4.1,8.1,.505,.560,2.8,3.1,.905,0.5,5.6,6.1,4.3,0.9,0.5,2.7,1.7,21.1
200,Buddy Hield,SG,30,IND,32,32,31.8,6.3,14.0,.446,3.6,9.1,.397,2.7,4.9,.538,.575,1.3,1.5,.857,1.0,3.7,4.7,2.7,1.0,0.3,2.2,2.1,17.4
201,Haywood Highsmith,SF,26,MIA,21,2,20.0,1.6,4.4,.366,0.8,2.2,.370,0.8,2.2,.362,.457,0.2,0.7,.357,1.0,3.0,4.0,0.9,1.0,0.3,0.7,1.3,4.3
202,George Hill,PG,36,MIL,29,0,19.8,1.6,3.8,.427,0.7,2.1,.317,1.0,1.7,.560,.514,1.0,1.4,.714,0.4,1.8,2.2,2.6,0.4,0.1,0.9,1.2,4.9
203,Malcolm Hill,SF,27,CHI,3,0,0.3,0.0,0.0,,0.0,0.0,,0.0,0.0,,,0.0,0.0,,0.0,0.3,0.3,0.0,0.0,0.0,0.0,0.0,0.0
204,Aaron Holiday,PG,26,ATL,28,2,17.3,1.9,4.4,.434,0.6,1.5,.419,1.3,2.8,.443,.508,0.7,0.8,.826,0.5,1.0,1.5,1.6,0.8,0.2,0.8,1.8,5.1
205,Jrue Holiday,PG,32,MIL,24,23,32.9,7.1,15.7,.452,2.2,6.1,.361,4.9,9.5,.511,.523,2.4,2.7,.891,1.3,4.1,5.3,7.6,1.5,0.5,3.3,1.9,18.8
206,Justin Holiday,SG,33,ATL,23,0,16.6,1.9,5.0,.386,1.2,3.4,.342,0.7,1.5,.486,.504,0.0,0.0,,0.0,0.8,0.8,0.9,0.2,0.4,0.5,1.5,5.0
207,Richaun Holmes,PF,29,SAC,16,0,8.8,1.4,2.0,.688,0.1,0.2,.667,1.3,1.8,.690,.719,0.3,0.4,.667,0.6,1.3,1.8,0.1,0.1,0.1,0.3,1.3,3.1
208,,,,,,,,,,,,,,,,,,,,,,,,,,,,,
209,Al Horford,C,36,BOS,23,23,30.8,3.7,7.3,.512,2.0,4.6,.443,1.7,2.7,.629,.652,0.2,0.3,.625,1.0,5.3,6.2,2.7,0.4,1.1,0.7,2.0,9.7
210,Talen Horton-Tucker,SG,22,UTA,31,1,16.0,2.6,6.8,.384,0.6,2.8,.233,2.0,4.0,.488,.431,1.0,1.4,.744,0.5,2.0,2.5,2.3,0.8,0.4,1.2,1.4,6.9
211,Danuel House Jr.,SF,29,PHI,25,2,18.0,1.8,3.6,.500,0.8,2.1,.358,1.0,1.5,.703,.606,0.9,1.2,.767,0.2,1.8,2.0,0.8,0.2,0.2,0.5,1.4,5.3
212,Caleb Houstan,SF,20,ORL,21,1,18.7,1.4,3.8,.363,1.0,2.7,.351,0.4,1.1,.391,.488,0.5,0.6,.846,0.7,1.9,2.6,0.8,0.2,0.1,0.3,1.7,4.2
213,Trevor Hudgins,PG,23,HOU,1,0,4.0,1.0,1.0,1.000,1.0,1.0,1.000,0.0,0.0,,1.500,0.0,0.0,,0.0,0.0,0.0,0.0,0.0,0.0,0.0,0.0,3.0
214,Kevin Huerter,SG,24,SAC,29,29,31.8,5.4,11.6,.472,2.9,7.0,.412,2.6,4.5,.565,.597,1.6,2.3,.687,0.5,2.7,3.2,3.1,1.1,0.3,1.5,2.5,15.4
215,De'Andre Hunter,SF,25,ATL,27,27,30.9,5.4,12.0,.449,1.4,4.1,.355,4.0,8.0,.498,.509,2.9,3.6,.823,0.7,3.4,4.0,1.2,0.3,0.2,1.3,2.9,15.2
216,Bones Hyland,PG,22,DEN,22,0,20.9,4.6,11.7,.393,2.5,6.3,.406,2.0,5.4,.378,.502,2.0,2.4,.830,0.3,1.8,2.1,3.2,0.7,0.4,1.7,1.7,13.7
217,Serge Ibaka,PF,33,MIL,15,0,11.3,1.6,3.1,.511,0.4,1.0,.400,1.2,2.1,.563,.574,0.5,0.9,.615,0.9,1.9,2.8,0.3,0.0,0.4,0.5,1.3,4.1
218,Joe Ingles,SF,35,MIL,2,0,16.0,0.5,3.5,.143,0.5,3.5,.143,0.0,0.0,,.214,0.0,0.0,,1.0,0.0,1.0,1.0,0.5,0.0,2.5,2.0,1.5
219,Brandon Ingram,SF,25,NOP,15,15,32.1,7.3,15.4,.472,1.9,4.0,.467,5.4,11.4,.474,.532,4.4,5.1,.868,0.5,4.6,5.1,4.7,0.9,0.7,2.8,2.2,20.8
220,Kyrie Irving,PG,30,BRK,22,22,36.6,9.7,19.8,.490,2.8,8.2,.337,6.9,11.5,.598,.560,4.0,4.4,.917,0.8,4.0,4.8,4.5,0.8,1.0,2.4,2.7,26.1
221,Jaden Ivey,SG,20,DET,30,29,30.4,5.5,13.1,.420,1.4,4.4,.308,4.1,8.7,.477,.472,3.2,4.5,.711,1.1,3.2,4.3,3.9,1.1,0.3,2.7,2.8,15.6
222,Isaiah Jackson,PF,21,IND,27,3,16.1,2.6,4.8,.550,0.0,0.2,.167,2.6,4.6,.569,.554,1.7,2.5,.691,1.5,2.8,4.3,1.0,0.5,1.2,1.0,2.4,7.0
223,Jaren Jackson Jr.,C,23,MEM,14,14,25.1,5.5,10.9,.503,1.7,4.6,.369,3.8,6.3,.602,.582,3.7,4.9,.754,1.7,4.3,6.0,0.6,1.0,3.2,1.5,3.0,16.4
224,Justin Jackson,SF,27,BOS,12,0,5.2,0.2,1.1,.154,0.2,0.9,.182,0.0,0.2,.000,.231,0.0,0.0,,0.0,0.6,0.6,0.3,0.2,0.2,0.1,0.3,0.5
225,Reggie Jackson,PG,32,LAC,30,30,29.0,4.5,11.0,.412,1.6,4.5,.360,2.9,6.5,.448,.486,1.6,1.8,.906,0.4,2.2,2.6,4.0,0.7,0.1,2.3,2.0,12.3
226,LeBron James,PF,38,LAL,23,23,36.2,10.7,21.9,.486,2.1,7.0,.304,8.5,14.9,.571,.535,3.7,5.1,.726,1.3,7.1,8.4,6.7,1.2,0.7,3.0,1.8,27.1
227,Ty Jerome,SG,25,GSW,17,1,16.1,2.2,4.2,.528,0.7,1.6,.429,1.5,2.6,.591,.611,1.1,1.1,.947,0.1,1.3,1.4,2.4,0.2,0.1,0.6,1.2,6.2
228,Isaiah Joe,SG,23,OKC,25,1,11.9,2.2,4.5,.478,1.7,3.7,.462,0.4,0.8,.550,.668,0.7,0.8,.857,0.1,1.8,1.9,1.0,0.5,0.1,0.5,1.2,6.8
229,,,,,,,,,,,,,,,,,,,,,,,,,,,,,
230,Alize Johnson,PF,26,SAS,4,0,7.5,0.8,1.5,.500,0.0,0.5,.000,0.8,1.0,.750,.500,0.3,0.5,.500,0.5,2.0,2.5,0.3,0.3,0.0,1.0,0.8,1.8
231,Cameron Johnson,PF,26,PHO,8,8,25.3,4.6,10.4,.446,2.8,6.4,.431,1.9,4.0,.469,.578,1.0,1.4,.727,0.6,2.8,3.4,1.8,1.1,0.4,0.3,1.8,13.0
232,Jalen Johnson,SF,21,ATL,30,6,15.8,1.9,4.4,.435,0.3,1.6,.213,1.6,2.8,.560,.473,0.5,0.8,.696,0.6,3.0,3.6,1.0,0.5,0.5,0.6,1.8,4.7
233,James Johnson,PF,35,IND,7,0,8.9,0.9,2.3,.375,0.1,1.0,.143,0.7,1.3,.556,.406,0.0,0.0,,0.0,1.1,1.1,0.7,0.1,0.3,0.3,2.3,1.9
234,Keldon Johnson,SF,23,SAS,27,27,32.6,7.5,18.2,.411,2.7,7.7,.348,4.8,10.5,.458,.485,3.4,4.7,.738,1.0,4.2,5.2,2.9,0.8,0.1,2.3,1.9,21.1
235,Keon Johnson,SG,20,POR,13,0,13.3,2.3,6.1,.380,1.2,3.2,.381,1.1,2.8,.378,.481,0.2,0.6,.375,0.4,1.6,2.0,1.3,0.4,0.2,1.5,1.2,6.1
236,Stanley Johnson,SF,26,SAS,3,0,8.7,1.7,3.0,.556,0.7,1.3,.500,1.0,1.7,.600,.667,0.0,0.0,,0.0,1.3,1.3,1.7,0.0,0.3,0.7,0.3,4.0
237,Nikola Jokić,C,27,DEN,27,27,33.0,9.3,15.0,.617,0.8,2.5,.328,8.4,12.5,.675,.644,5.4,6.8,.798,2.2,8.8,11.0,9.2,1.5,0.7,3.7,2.7,24.7
238,Damian Jones,C,27,LAL,17,1,9.6,1.2,2.1,.556,0.0,0.2,.000,1.2,1.9,.606,.556,0.7,0.9,.750,1.0,2.1,3.1,0.2,0.1,0.6,0.5,0.9,3.1
239,Derrick Jones Jr.,SF,25,CHI,25,0,13.8,1.9,3.8,.500,0.4,1.3,.344,1.5,2.6,.578,.557,1.2,1.4,.833,0.9,1.4,2.3,0.6,0.5,0.7,0.4,1.3,5.5
240,Herbert Jones,SF,24,NOP,21,21,27.7,3.5,8.0,.440,0.9,3.0,.302,2.6,5.0,.524,.497,2.3,3.0,.750,1.2,2.2,3.4,2.2,1.2,0.7,1.1,3.4,10.2
241,Kai Jones,C,22,CHO,22,0,9.9,1.2,2.5,.500,0.1,0.5,.273,1.1,2.0,.558,.528,0.4,0.5,.727,0.9,1.4,2.2,0.2,0.2,0.5,0.4,1.4,3.0
242,Tre Jones,PG,23,SAS,29,29,30.3,4.6,11.0,.420,0.7,2.5,.288,3.9,8.5,.459,.453,2.5,2.8,.900,0.8,2.7,3.5,6.7,1.4,0.2,1.9,1.7,12.4
243,Tyus Jones,PG,26,MEM,30,5,24.2,4.1,9.2,.448,1.6,4.1,.379,2.6,5.1,.503,.532,0.9,1.2,.722,0.4,1.9,2.3,4.6,0.8,0.1,1.1,0.4,10.7
244,DeAndre Jordan,C,34,DEN,24,3,14.7,2.1,2.7,.769,0.0,0.0,1.000,2.0,2.7,.766,.777,0.7,1.4,.471,1.4,4.0,5.4,0.9,0.1,0.7,1.1,1.7,4.9
245,Cory Joseph,PG,31,DET,28,2,15.1,1.7,4.2,.410,0.6,1.8,.360,1.1,2.4,.448,.487,0.5,0.7,.700,0.3,0.9,1.1,3.1,0.3,0.1,0.6,1.4,4.6
246,Nikola Jović,PF,19,MIA,13,7,14.2,1.8,4.7,.393,0.5,2.4,.226,1.3,2.3,.567,.451,1.4,1.5,.947,0.6,1.5,2.2,0.8,0.5,0.1,0.8,1.2,5.6
247,Mfiondu Kabengele,PF,25,BOS,1,0,8.0,1.0,2.0,.500,0.0,1.0,.000,1.0,1.0,1.000,.500,0.0,0.0,,3.0,1.0,4.0,0.0,0.0,0.0,0.0,1.0,2.0
248,Frank Kaminsky,C,29,ATL,14,0,8.1,1.1,1.9,.556,0.6,1.2,.471,0.5,0.7,.700,.704,0.6,0.6,1.000,0.1,1.6,1.7,1.0,0.1,0.0,0.4,1.1,3.3
249,Trevor Keels,SG,19,NYK,1,0,1.0,0.0,1.0,.000,0.0,1.0,.000,0.0,0.0,,.000,0.0,0.0,,0.0,1.0,1.0,0.0,0.0,0.0,0.0,0.0,0.0
250,,,,,,,,,,,,,,,,,,,,,,,,,,,,,
251,Luke Kennard,SG,26,LAC,21,7,22.3,3.4,6.5,.522,2.0,4.2,.489,1.3,2.3,.583,.680,0.4,0.5,.900,0.2,2.5,2.7,1.1,0.5,0.1,1.0,1.3,9.2
252,Walker Kessler,C,21,UTA,31,4,17.7,2.9,3.8,.754,0.0,0.0,,2.9,3.8,.754,.754,0.9,1.7,.538,2.3,3.8,6.1,0.6,0.2,1.9,0.7,2.3,6.6
253,Braxton Key,SF,25,DET,3,0,3.0,0.3,0.3,1.000,0.0,0.0,,0.3,0.3,1.000,1.000,0.7,0.7,1.000,0.0,0.3,0.3,0.0,0.0,0.0,0.0,0.0,1.3
254,Corey Kispert,SF,23,WAS,24,15,27.9,3.4,7.0,.488,1.8,4.3,.412,1.7,2.8,.606,.613,0.8,1.1,.731,0.6,1.8,2.5,1.5,0.5,0.2,0.6,1.6,9.4
255,Maxi Kleber,C,31,DAL,22,0,25.6,2.3,4.7,.490,1.1,3.0,.369,1.2,1.8,.692,.606,0.5,0.6,.786,0.9,2.7,3.5,1.0,0.3,1.0,0.6,2.2,6.2
256,Nathan Knight,PF,25,MIN,14,0,5.3,1.1,1.5,.714,0.1,0.3,.250,1.0,1.2,.824,.738,0.7,0.9,.769,0.4,0.8,1.1,0.2,0.2,0.1,0.6,0.6,2.9
257,Kevin Knox,SF,23,DET,27,0,14.4,2.1,4.4,.479,1.1,2.8,.382,1.0,1.6,.651,.601,0.7,0.9,.783,0.5,1.9,2.4,0.5,0.4,0.3,0.7,1.8,6.0
258,Christian Koloko,C,22,TOR,31,17,16.4,1.3,3.0,.441,0.0,0.2,.000,1.3,2.8,.477,.441,1.0,1.5,.660,1.6,1.7,3.4,0.5,0.3,1.3,0.5,2.6,3.6
259,John Konchar,SG,26,MEM,28,20,26.6,2.9,6.3,.466,1.4,3.6,.392,1.5,2.6,.568,.580,0.5,0.6,.882,1.1,4.8,5.9,1.5,1.0,0.3,0.6,1.6,7.8
260,Furkan Korkmaz,SG,25,PHI,17,0,12.0,1.4,3.6,.387,0.6,1.8,.333,0.8,1.9,.438,.468,1.1,1.5,.720,0.2,1.1,1.4,1.0,0.2,0.1,0.7,0.5,4.5
261,Luke Kornet,C,27,BOS,27,0,13.2,1.8,2.6,.686,0.1,0.2,.333,1.7,2.4,.719,.700,0.6,0.7,.833,1.4,2.1,3.5,0.7,0.2,0.9,0.4,1.5,4.2
262,Vit Krejci,PG,22,ATL,14,0,7.0,0.6,1.7,.375,0.4,1.1,.313,0.3,0.6,.500,.479,0.1,0.1,.500,0.1,0.6,0.7,0.7,0.1,0.1,0.2,0.7,1.7
263,Jonathan Kuminga,PF,20,GSW,29,4,18.2,2.8,6.0,.460,0.6,2.0,.276,2.2,4.0,.552,.506,1.2,1.7,.694,1.0,2.1,3.1,1.4,0.4,0.4,1.4,2.2,7.2
264,Kyle Kuzma,PF,27,WAS,31,31,35.3,8.2,17.7,.464,2.6,7.6,.345,5.6,10.1,.554,.538,2.5,3.6,.688,1.0,6.6,7.6,3.5,0.5,0.5,2.7,2.6,21.5
265,Anthony Lamb,SF,25,GSW,25,2,18.3,2.2,4.2,.509,1.1,2.8,.394,1.0,1.4,.743,.642,0.1,0.3,.375,0.7,2.4,3.0,1.6,0.6,0.3,1.1,2.1,5.6
266,Jock Landale,C,27,PHO,27,0,13.7,2.5,4.7,.523,0.2,1.3,.167,2.3,3.4,.663,.547,1.3,1.6,.795,1.6,2.2,3.7,0.7,0.2,0.7,0.9,1.9,6.5
267,Romeo Langford,SG,23,SAS,17,6,19.8,2.6,5.2,.494,0.4,1.5,.240,2.2,3.8,.594,.528,1.0,1.5,.680,1.5,1.4,2.9,0.9,0.6,0.5,0.8,1.7,6.5
268,Jake LaRavia,PF,21,MEM,19,0,16.5,1.6,3.8,.417,1.0,2.6,.380,0.6,1.2,.500,.549,0.3,0.3,1.000,0.8,1.9,2.8,0.9,0.5,0.2,0.8,1.8,4.4
269,Zach LaVine,SG,27,CHI,27,27,34.3,7.9,17.6,.447,2.7,7.5,.366,5.1,10.1,.507,.525,3.3,4.0,.824,0.6,3.9,4.4,4.3,1.1,0.0,2.6,2.3,21.7
270,A.J. Lawson,SG,22,MIN,1,0,2.0,1.0,1.0,1.000,0.0,0.0,,1.0,1.0,1.000,1.000,0.0,0.0,,0.0,1.0,1.0,0.0,0.0,0.0,0.0,1.0,2.0
271,,,,,,,,,,,,,,,,,,,,,,,,,,,,,
272,Damion Lee,SG,30,PHO,32,2,21.4,2.8,6.1,.459,1.8,3.9,.476,0.9,2.2,.429,.611,0.7,0.8,.920,0.7,2.7,3.3,1.2,0.5,0.1,0.8,1.4,8.1
273,Saben Lee,PG,23,PHI,2,0,5.0,1.5,2.0,.750,0.0,0.5,.000,1.5,1.5,1.000,.750,0.0,0.0,,0.0,0.0,0.0,1.0,0.5,0.0,1.5,0.5,3.0
274,Alex Len,C,29,SAC,8,0,3.1,0.6,1.1,.556,0.0,0.0,,0.6,1.1,.556,.556,0.1,0.3,.500,0.4,0.8,1.1,0.3,0.0,0.0,0.0,0.4,1.4
275,Kawhi Leonard,SF,31,LAC,12,10,26.9,5.8,13.0,.442,0.9,3.9,.234,4.8,9.1,.532,.478,2.9,3.9,.745,1.0,5.2,6.2,3.3,0.9,0.3,1.4,1.4,15.3
276,Caris LeVert,SG,28,CLE,29,16,31.1,4.2,10.9,.390,1.4,4.2,.344,2.8,6.7,.420,.457,1.9,2.6,.757,0.8,3.6,4.3,4.0,0.7,0.1,1.7,2.3,11.9
277,Kira Lewis Jr.,PG,21,NOP,1,0,6.0,1.0,4.0,.250,0.0,1.0,.000,1.0,3.0,.333,.250,2.0,2.0,1.000,0.0,1.0,1.0,0.0,0.0,0.0,0.0,1.0,4.0
278,Damian Lillard,PG,32,POR,20,20,34.8,8.4,18.7,.448,4.4,11.2,.393,4.0,7.5,.530,.566,6.6,7.4,.898,0.6,3.2,3.7,7.1,0.9,0.2,3.6,1.9,27.7
279,Nassir Little,PF,22,POR,21,0,15.3,2.0,4.3,.473,0.8,2.0,.372,1.3,2.3,.563,.560,0.7,1.0,.667,0.3,2.0,2.4,0.9,0.4,0.1,0.7,0.8,5.5
280,Isaiah Livers,PF,24,DET,22,7,19.5,1.9,4.7,.404,1.3,3.7,.358,0.6,1.0,.565,.543,0.7,0.9,.750,0.5,1.8,2.3,0.6,0.4,0.5,0.6,1.9,5.8
281,Kenneth Lofton Jr.,PF,20,MEM,5,0,4.6,1.4,2.8,.500,0.0,0.2,.000,1.4,2.6,.538,.500,0.2,0.6,.333,0.2,0.6,0.8,0.8,0.0,0.0,0.2,0.6,3.0
282,Kevon Looney,C,26,GSW,33,33,22.9,2.8,4.3,.645,0.0,0.0,,2.8,4.3,.645,.645,1.0,1.5,.660,2.5,5.2,7.7,2.9,0.4,0.6,0.4,2.8,6.5
283,Brook Lopez,C,34,MIL,30,30,30.5,5.4,10.8,.497,2.1,5.3,.400,3.2,5.5,.591,.596,1.7,2.1,.823,1.8,4.2,6.0,1.2,0.5,2.7,1.3,2.3,14.6
284,Robin Lopez,C,34,CLE,21,1,8.8,1.3,2.0,.643,0.0,0.0,,1.3,2.0,.643,.643,0.4,0.6,.750,0.8,0.7,1.5,0.4,0.0,0.1,0.7,1.1,3.0
285,Kevin Love,PF,34,CLE,25,1,20.1,2.8,7.0,.400,1.9,5.0,.376,0.9,2.0,.460,.534,1.5,1.7,.881,0.8,6.2,7.0,2.2,0.2,0.2,1.2,1.6,9.0
286,Kyle Lowry,PG,36,MIA,28,28,36.1,4.3,10.6,.401,2.4,6.8,.353,1.9,3.8,.486,.513,3.1,3.7,.854,0.8,4.0,4.7,5.9,1.1,0.5,2.4,2.9,14.0
287,Trey Lyles,PF,27,SAC,24,0,13.3,1.9,4.8,.397,1.0,3.2,.329,0.9,1.7,.525,.504,0.7,1.0,.708,0.9,1.8,2.7,0.7,0.3,0.3,0.8,1.1,5.6
288,Théo Maledon,PG,21,CHO,30,1,16.9,1.9,4.5,.422,0.6,1.7,.333,1.3,2.8,.476,.485,1.3,1.5,.870,0.3,2.3,2.6,2.4,0.8,0.2,1.0,1.0,5.7
289,Sandro Mamukelashvili,C,23,MIL,13,0,8.7,0.9,2.4,.387,0.4,1.2,.313,0.5,1.2,.467,.468,0.4,0.8,.500,0.7,1.7,2.4,0.7,0.1,0.2,0.3,0.8,2.6
290,Terance Mann,SG,26,LAC,32,13,22.1,3.4,6.5,.522,0.8,2.2,.357,2.6,4.3,.606,.582,1.1,1.5,.735,1.2,2.8,4.0,1.9,0.6,0.3,1.2,1.9,8.7
291,Tre Mann,PG,21,OKC,27,4,19.9,3.3,8.6,.381,1.3,4.6,.288,1.9,3.9,.491,.459,0.5,0.7,.650,0.6,2.0,2.6,1.6,0.8,0.1,0.9,1.5,8.3
292,,,,,,,,,,,,,,,,,,,,,,,,,,,,,
293,Boban Marjanović,C,34,HOU,10,0,3.8,0.7,1.1,.636,0.0,0.1,.000,0.7,1.0,.700,.636,0.7,0.9,.778,0.1,0.9,1.0,0.1,0.1,0.1,0.2,0.1,2.1
294,Lauri Markkanen,SF,25,UTA,31,31,33.9,8.1,15.1,.534,2.9,6.7,.438,5.1,8.4,.612,.631,3.8,4.5,.830,2.0,6.2,8.2,2.1,0.6,0.6,2.0,2.2,22.8
295,Naji Marshall,SF,25,NOP,28,4,21.9,2.8,6.5,.436,0.9,2.8,.329,1.9,3.6,.520,.508,1.4,1.8,.816,0.8,2.2,3.0,2.2,0.8,0.3,0.9,1.3,8.0
296,Caleb Martin,PF,27,MIA,29,29,32.9,4.2,9.1,.468,1.5,3.8,.396,2.7,5.2,.520,.551,1.1,1.4,.800,1.6,3.1,4.7,1.9,1.1,0.3,1.2,2.0,11.1
297,Cody Martin,SF,27,CHO,1,0,1.0,0.0,0.0,,0.0,0.0,,0.0,0.0,,,0.0,0.0,,0.0,0.0,0.0,0.0,0.0,0.0,0.0,0.0,0.0
298,Kenyon Martin Jr.,SF,22,HOU,31,6,24.2,4.2,7.6,.553,0.8,2.7,.313,3.4,5.0,.682,.608,1.5,2.3,.634,1.6,3.5,5.1,1.5,0.4,0.4,1.1,1.6,10.7
299,Tyrese Martin,SG,23,ATL,9,0,3.9,0.6,1.6,.357,0.1,0.6,.200,0.4,1.0,.444,.393,0.0,0.0,,0.2,0.3,0.6,0.0,0.1,0.0,0.0,0.1,1.2
300,Garrison Mathews,SG,26,HOU,24,0,13.3,1.4,3.6,.384,1.3,3.4,.370,0.1,0.2,.600,.558,1.2,1.3,.935,0.2,1.0,1.2,0.4,0.5,0.1,0.3,1.3,5.2
301,Bennedict Mathurin,SG,20,IND,32,1,28.8,5.6,13.5,.413,1.8,5.3,.351,3.7,8.2,.452,.481,4.6,5.6,.811,1.2,2.9,4.1,1.5,0.6,0.1,1.8,1.9,17.5
302,Wesley Matthews,SG,36,MIL,23,0,14.4,1.0,2.9,.348,0.8,2.3,.340,0.2,0.6,.385,.485,0.3,0.3,.875,0.7,0.9,1.6,0.5,0.5,0.2,0.3,1.5,3.1
303,Tyrese Maxey,SG,22,PHI,15,15,36.4,8.4,18.2,.462,2.9,6.8,.422,5.5,11.4,.485,.540,3.2,4.3,.738,0.4,3.1,3.5,4.4,1.0,0.3,2.0,2.3,22.9
304,Miles McBride,PG,22,NYK,20,0,11.4,1.3,3.3,.400,0.6,2.1,.268,0.8,1.2,.625,.485,0.3,0.5,.556,0.3,0.6,0.9,1.4,0.7,0.0,0.4,0.8,3.4
305,CJ McCollum,SG,31,NOP,26,26,35.3,7.4,17.8,.415,2.3,6.6,.351,5.1,11.2,.452,.479,1.6,2.0,.804,1.0,4.0,5.0,5.8,1.0,0.6,2.2,1.8,18.7
306,T.J. McConnell,PG,30,IND,29,0,17.3,2.3,5.3,.444,0.1,0.6,.250,2.2,4.7,.467,.458,0.6,0.6,.889,0.6,1.7,2.3,4.2,1.1,0.2,1.6,1.2,5.4
307,Jaden McDaniels,PF,22,MIN,29,29,30.4,4.3,8.2,.523,1.2,3.2,.370,3.1,5.1,.619,.594,1.1,1.4,.762,1.2,2.2,3.4,1.5,1.1,1.1,1.5,3.5,10.9
308,Jalen McDaniels,SF,25,CHO,32,10,26.5,3.9,8.8,.446,1.2,3.5,.348,2.7,5.3,.512,.516,1.8,1.9,.903,0.9,3.8,4.7,2.2,1.0,0.6,1.3,3.1,10.8
309,Doug McDermott,SF,31,SAS,26,0,20.9,4.0,8.2,.481,2.1,4.8,.432,1.9,3.4,.551,.607,0.6,0.8,.682,0.3,1.8,2.1,1.5,0.1,0.2,1.0,1.7,10.6
310,JaVale McGee,C,35,DAL,20,7,9.0,2.0,3.2,.619,0.1,0.2,.250,1.9,3.0,.644,.627,0.7,1.2,.542,0.8,1.8,2.6,0.2,0.2,0.6,1.0,1.3,4.6
311,Bryce McGowens,SG,20,CHO,13,0,14.3,1.4,3.5,.400,0.5,1.2,.375,0.9,2.2,.414,.467,0.8,0.9,.917,0.2,1.2,1.4,1.0,0.3,0.3,0.5,0.5,4.1
312,Rodney McGruder,SG,31,DET,11,2,8.4,0.5,2.2,.208,0.3,1.5,.176,0.2,0.6,.286,.271,0.4,0.4,1.000,0.5,1.1,1.6,0.8,0.2,0.0,0.4,0.3,1.5
313,,,,,,,,,,,,,,,,,,,,,,,,,,,,,
314,Jordan McLaughlin,PG,26,MIN,18,0,15.9,1.6,3.7,.424,0.4,1.9,.235,1.1,1.8,.625,.485,0.5,0.5,1.000,0.4,1.3,1.7,3.6,0.8,0.1,0.8,0.4,4.1
315,De'Anthony Melton,PG,24,PHI,27,20,30.0,4.4,10.7,.417,2.3,6.2,.377,2.1,4.5,.471,.526,0.7,1.0,.704,1.2,3.7,4.9,3.3,2.1,0.4,1.7,2.1,11.9
316,Chimezie Metu,C,25,SAC,24,0,11.5,2.2,3.7,.584,0.2,0.9,.238,2.0,2.8,.691,.612,0.7,0.8,.800,0.6,2.5,3.1,0.7,0.4,0.2,0.7,1.2,5.2
317,Khris Middleton,SF,31,MIL,7,7,24.4,3.6,11.0,.325,1.6,5.9,.268,2.0,5.1,.389,.396,2.4,2.7,.895,0.1,2.4,2.6,4.4,0.6,0.1,1.6,2.6,11.1
318,Patty Mills,PG,34,BRK,22,1,12.1,2.0,4.4,.469,1.2,3.0,.409,0.8,1.4,.600,.609,0.5,0.5,.917,0.2,0.8,1.0,1.4,0.3,0.0,0.5,0.5,5.8
319,Shake Milton,SG,26,PHI,26,8,24.8,4.3,8.5,.505,0.8,2.3,.367,3.5,6.2,.556,.554,1.7,2.0,.846,0.6,2.7,3.3,3.5,0.4,0.2,1.7,1.8,11.2
320,Josh Minott,SF,20,MIN,5,0,2.8,0.6,0.8,.750,0.0,0.0,,0.6,0.8,.750,.750,0.8,0.8,1.000,0.4,0.2,0.6,0.4,0.2,0.2,0.0,0.2,2.0
321,Davion Mitchell,PG,24,SAC,29,3,19.6,2.6,5.8,.446,0.8,2.6,.303,1.8,3.2,.565,.515,0.4,0.6,.706,0.2,1.4,1.6,2.5,0.5,0.3,1.1,1.6,6.4
322,Donovan Mitchell,SG,26,CLE,29,29,36.4,10.3,20.4,.503,3.9,9.1,.428,6.4,11.3,.564,.599,5.0,5.6,.896,0.9,2.9,3.8,4.5,1.3,0.3,2.9,2.7,29.5
323,Evan Mobley,PF,21,CLE,33,33,34.0,5.9,10.6,.558,0.3,1.1,.243,5.7,9.5,.596,.571,2.7,3.8,.698,2.6,6.5,9.1,2.6,0.7,1.3,2.0,2.9,14.8
324,Isaiah Mobley,PF,23,CLE,8,0,3.3,0.5,1.0,.500,0.1,0.3,.500,0.4,0.8,.500,.563,0.0,0.0,,0.1,1.3,1.4,0.0,0.1,0.0,0.0,0.3,1.1
325,Chima Moneke,SF,27,SAC,2,0,4.0,0.5,1.0,.500,0.0,0.0,,0.5,1.0,.500,.500,0.0,1.0,.000,1.0,0.0,1.0,0.5,0.0,0.0,1.0,1.0,1.0
326,Malik Monk,SG,24,SAC,30,0,22.9,5.0,11.0,.453,1.9,5.6,.337,3.1,5.4,.574,.539,2.3,2.5,.908,0.4,1.8,2.2,4.0,0.6,0.1,1.9,1.6,14.2
327,Moses Moody,SG,20,GSW,28,3,15.9,1.9,4.1,.456,1.0,2.6,.403,0.8,1.5,.548,.583,0.7,0.8,.826,0.4,1.4,1.8,0.9,0.4,0.2,0.8,1.0,5.4
328,Wendell Moore Jr.,SG,21,MIN,15,2,6.3,0.8,1.8,.444,0.1,0.8,.167,0.7,1.0,.667,.481,0.3,0.3,.800,0.1,0.7,0.9,0.5,0.3,0.2,0.5,0.7,2.0
329,Ja Morant,PG,23,MEM,25,25,32.3,9.4,20.8,.454,1.8,5.1,.346,7.7,15.7,.489,.496,6.4,8.7,.737,1.3,5.2,6.4,7.8,1.1,0.2,3.7,1.9,27.0
330,Marcus Morris,PF,33,LAC,30,30,30.0,5.1,11.4,.447,2.0,5.4,.379,3.1,6.0,.508,.537,1.3,1.6,.792,0.5,4.6,5.1,1.7,0.7,0.4,1.0,2.3,13.5
331,Markieff Morris,PF,33,BRK,19,1,11.4,1.4,3.2,.443,1.0,2.1,.487,0.4,1.2,.364,.598,0.3,0.3,1.000,0.5,1.8,2.3,1.0,0.3,0.2,0.6,1.2,4.2
332,Monte Morris,PG,27,WAS,27,27,28.4,3.9,8.5,.452,1.3,3.4,.391,2.5,5.1,.493,.530,0.7,1.0,.714,0.4,2.9,3.3,5.1,0.8,0.2,0.9,1.5,9.8
333,Trey Murphy III,SF,22,NOP,28,18,28.6,4.1,8.9,.456,2.3,5.7,.394,1.8,3.2,.567,.582,1.8,2.0,.927,1.1,3.2,4.3,1.4,1.1,0.5,0.9,2.0,12.2
334,,,,,,,,,,,,,,,,,,,,,,,,,,,,,
335,Dejounte Murray,SG,26,ATL,27,27,35.8,8.1,18.1,.448,2.0,5.7,.348,6.1,12.4,.494,.503,2.2,2.6,.843,0.7,4.7,5.4,6.3,1.7,0.4,2.7,1.8,20.4
336,Jamal Murray,PG,25,DEN,25,25,30.8,6.6,15.1,.437,1.8,5.3,.338,4.8,9.8,.490,.496,2.5,3.2,.765,0.6,3.1,3.7,5.4,0.8,0.2,2.0,1.3,17.5
337,Keegan Murray,SF,22,SAC,28,26,29.1,4.4,10.3,.429,2.4,6.1,.386,2.0,4.1,.491,.544,1.1,1.4,.795,0.8,3.0,3.8,0.8,0.8,0.6,1.3,2.2,12.3
338,Mike Muscala,C,31,OKC,22,1,12.8,1.9,4.2,.457,1.0,2.8,.371,0.9,1.4,.633,.582,0.5,0.7,.750,0.4,2.7,3.0,0.8,0.1,0.5,0.3,1.6,5.4
339,Svi Mykhailiuk,SF,25,NYK,11,0,3.5,0.5,1.1,.500,0.5,0.9,.600,0.0,0.2,.000,.750,0.3,0.5,.600,0.0,0.6,0.6,0.1,0.1,0.0,0.2,0.1,1.9
340,Larry Nance Jr.,PF,30,NOP,27,0,23.2,3.9,6.0,.648,0.4,0.9,.400,3.5,5.1,.693,.679,0.9,1.2,.727,1.8,4.0,5.8,1.9,1.0,0.9,1.0,2.3,9.0
341,Andrew Nembhard,SG,23,IND,27,18,25.9,3.3,7.1,.469,1.3,3.5,.383,2.0,3.6,.551,.563,0.5,0.6,.875,0.4,2.6,3.0,3.9,1.0,0.2,1.4,3.0,8.5
342,Aaron Nesmith,SF,23,IND,28,16,22.4,3.2,7.4,.430,1.6,4.1,.379,1.6,3.3,.495,.536,1.1,1.3,.857,0.8,2.9,3.6,1.1,0.8,0.5,1.0,3.1,9.0
343,Raul Neto,PG,30,CLE,21,0,8.9,1.0,2.0,.476,0.2,0.8,.294,0.7,1.2,.600,.536,0.5,0.6,.833,0.1,0.7,0.8,1.1,0.4,0.0,0.4,0.8,2.6
344,Georges Niang,PF,29,PHI,28,0,19.8,3.2,7.4,.437,2.3,5.5,.416,0.9,1.9,.500,.592,0.7,0.8,.909,0.2,2.0,2.2,1.1,0.5,0.3,0.9,2.1,9.4
345,Daishen Nix,PG,20,HOU,28,0,15.3,1.2,3.5,.343,0.7,2.3,.308,0.5,1.2,.412,.444,0.5,0.7,.789,0.4,1.4,1.8,2.7,0.8,0.1,1.4,1.0,3.7
346,Zeke Nnaji,PF,22,DEN,21,0,9.3,1.6,2.7,.579,0.1,0.7,.214,1.4,2.0,.698,.605,0.6,0.8,.813,0.9,0.5,1.4,0.2,0.1,0.1,0.4,1.3,3.9
347,Nerlens Noel,C,28,DET,6,0,10.3,0.7,2.2,.308,0.0,0.0,,0.7,2.2,.308,.308,0.5,0.7,.750,0.5,2.7,3.2,0.5,0.8,0.3,0.5,1.5,1.8
348,Jaylen Nowell,SG,23,MIN,32,0,19.8,4.5,10.4,.432,1.2,3.9,.302,3.3,6.5,.512,.489,1.3,1.6,.788,0.8,2.1,2.8,2.1,0.7,0.1,1.0,1.5,11.5
349,Frank Ntilikina,PG,24,DAL,14,0,12.9,0.8,2.9,.275,0.4,1.6,.227,0.4,1.3,.333,.338,0.4,0.6,.667,0.1,1.5,1.6,1.4,0.2,0.1,0.6,1.5,2.4
350,Kendrick Nunn,PG,27,LAL,26,2,12.4,2.0,5.8,.353,0.8,2.8,.288,1.2,3.0,.416,.423,0.5,0.5,.923,0.0,1.1,1.1,1.0,0.2,0.0,1.0,0.8,5.3
351,Jusuf Nurkić,C,28,POR,28,28,28.9,5.5,10.1,.541,0.7,1.7,.426,4.8,8.4,.564,.576,2.8,4.1,.684,2.5,7.3,9.8,2.9,0.7,0.9,2.3,3.4,14.4
352,Jordan Nwora,SF,24,MIL,25,3,17.1,2.1,5.7,.364,1.1,3.0,.365,1.0,2.8,.362,.458,1.1,1.3,.844,0.8,2.4,3.2,1.0,0.3,0.1,0.9,0.9,6.3
353,Royce O'Neale,SF,29,BRK,30,30,35.4,3.2,8.3,.387,2.3,5.5,.415,0.9,2.8,.333,.524,0.5,0.8,.640,0.8,4.3,5.1,4.4,1.0,0.7,1.8,3.3,9.2
354,Chuma Okeke,PF,24,ORL,18,7,21.8,1.8,4.8,.368,1.0,3.3,.300,0.8,1.5,.519,.471,0.9,1.2,.762,1.2,3.1,4.2,1.4,0.6,0.5,0.5,1.9,5.4
355,,,,,,,,,,,,,,,,,,,,,,,,,,,,,
356,Josh Okogie,SG,24,PHO,27,0,10.6,1.3,3.4,.387,0.4,1.5,.244,1.0,1.9,.500,.441,1.1,1.4,.744,1.3,1.6,2.9,0.9,0.6,0.4,0.6,1.4,4.1
357,Onyeka Okongwu,C,22,ATL,31,5,21.9,3.5,5.5,.622,0.0,0.1,.000,3.5,5.5,.633,.622,1.6,2.2,.735,2.5,4.2,6.7,0.9,0.5,0.9,0.9,3.0,8.5
358,Isaac Okoro,SG,22,CLE,33,7,18.9,1.6,3.9,.415,0.5,1.9,.242,1.2,2.1,.574,.473,0.8,1.0,.813,0.5,1.6,2.1,0.8,0.7,0.4,0.6,1.9,4.5
359,KZ Okpala,PF,23,SAC,19,3,8.2,0.6,1.3,.480,0.2,0.6,.364,0.4,0.7,.571,.560,0.3,0.3,1.000,0.3,0.9,1.3,0.5,0.2,0.2,0.2,1.2,1.8
360,Victor Oladipo,SG,30,MIA,7,1,25.9,3.3,8.1,.404,1.3,4.6,.281,2.0,3.6,.560,.482,1.3,1.9,.692,0.4,2.6,3.0,2.7,1.6,0.0,1.1,2.7,9.1
361,Kelly Olynyk,PF,31,UTA,32,32,28.6,4.3,8.3,.527,1.5,3.6,.430,2.8,4.7,.600,.619,2.7,3.2,.845,1.3,3.7,5.0,3.2,1.2,0.6,2.3,4.0,12.9
362,Eugene Omoruyi,SF,25,OKC,15,1,12.8,2.3,4.8,.472,0.5,1.9,.286,1.7,2.9,.591,.528,0.9,1.3,.684,1.0,1.7,2.7,0.6,0.8,0.0,0.7,2.3,5.9
363,Cedi Osman,SF,27,CLE,32,0,22.7,3.5,7.5,.463,1.4,4.0,.344,2.1,3.5,.598,.554,1.0,1.5,.688,0.3,2.5,2.8,1.5,0.5,0.1,0.9,1.8,9.3
364,Kelly Oubre Jr.,SF,27,CHO,32,30,33.3,7.8,18.3,.424,2.4,7.6,.317,5.3,10.7,.500,.490,2.9,4.1,.715,1.5,3.8,5.3,1.3,1.7,0.4,1.2,3.0,20.8
365,Chris Paul,PG,37,PHO,18,18,31.7,3.8,9.8,.392,1.6,4.3,.359,2.3,5.4,.418,.472,2.9,3.4,.839,0.6,4.2,4.8,9.1,1.6,0.2,1.9,2.6,12.1
366,Cameron Payne,PG,28,PHO,26,14,24.8,4.7,11.4,.416,1.8,4.8,.387,2.9,6.6,.436,.497,1.4,1.8,.766,0.3,2.0,2.4,5.3,1.0,0.2,2.0,2.1,12.7
367,Theo Pinson,SG,27,DAL,12,0,4.0,0.1,0.8,.100,0.0,0.5,.000,0.1,0.3,.250,.100,0.4,0.5,.833,0.1,1.1,1.2,0.3,0.1,0.0,0.3,0.2,0.6
368,Scotty Pippen Jr.,PG,22,LAL,3,0,7.7,0.3,2.3,.143,0.3,0.7,.500,0.0,1.7,.000,.214,1.3,2.0,.667,0.7,0.7,1.3,0.3,0.3,0.3,0.7,1.0,2.3
369,Mason Plumlee,C,32,CHO,32,32,27.4,3.8,6.3,.612,0.0,0.0,,3.8,6.3,.612,.612,2.3,4.0,.581,3.3,5.8,9.1,3.9,0.7,0.6,1.8,3.3,10.0
370,Jakob Poeltl,C,27,SAS,22,22,26.7,5.5,8.6,.637,0.0,0.0,,5.5,8.6,.637,.637,1.4,2.7,.500,3.6,5.9,9.5,3.2,0.9,1.0,2.3,2.4,12.4
371,Aleksej Pokusevski,PF,21,OKC,29,23,22.2,3.4,8.0,.429,1.2,3.3,.358,2.2,4.7,.478,.502,0.7,1.1,.636,1.6,3.6,5.2,2.0,0.6,1.3,1.4,1.8,8.7
372,Jordan Poole,SG,23,GSW,33,14,28.8,6.5,15.1,.430,2.5,7.7,.318,4.0,7.4,.547,.511,3.6,4.2,.870,0.3,1.8,2.1,4.4,0.8,0.3,3.3,2.2,19.1
373,Kevin Porter Jr.,PG,22,HOU,30,30,34.2,6.6,15.5,.424,1.9,5.8,.322,4.7,9.7,.485,.484,3.9,5.0,.768,1.5,4.1,5.6,5.6,1.5,0.5,3.9,2.9,18.9
374,Michael Porter Jr.,SF,24,DEN,16,16,29.1,6.0,12.9,.466,2.9,6.9,.427,3.1,6.0,.510,.580,1.5,1.9,.800,1.2,4.8,6.0,1.3,0.6,0.4,1.1,2.6,16.4
375,Otto Porter Jr.,SF,29,TOR,8,2,18.3,1.9,3.8,.500,0.8,2.1,.353,1.1,1.6,.692,.600,1.0,1.0,1.000,0.8,1.6,2.4,1.0,1.4,0.0,0.5,0.9,5.5
376,,,,,,,,,,,,,,,,,,,,,,,,,,,,,
377,Bobby Portis,PF,27,MIL,31,8,26.1,5.9,11.7,.501,1.1,3.5,.309,4.8,8.2,.585,.548,1.0,1.3,.775,2.4,7.5,10.0,1.9,0.3,0.3,1.2,1.8,13.8
378,Kristaps Porziņģis,PF,27,WAS,29,29,32.8,7.5,15.8,.475,1.8,5.5,.331,5.7,10.3,.552,.533,5.5,6.9,.800,2.0,6.8,8.9,2.7,1.0,1.5,2.2,3.0,22.4
379,Micah Potter,PF,24,UTA,3,0,4.7,0.7,0.7,1.000,0.0,0.0,,0.7,0.7,1.000,1.000,0.0,0.0,,0.3,0.7,1.0,0.7,0.0,0.0,0.0,0.7,1.3
380,Dwight Powell,C,31,DAL,27,22,17.0,2.2,3.1,.694,0.0,0.0,.000,2.2,3.1,.702,.694,1.4,2.1,.672,1.8,1.7,3.6,0.5,0.6,0.4,0.8,2.4,5.8
381,Norman Powell,SG,29,LAC,23,5,25.0,5.1,11.0,.461,1.6,4.2,.371,3.5,6.8,.516,.531,3.0,3.9,.787,0.4,2.5,2.9,1.5,0.8,0.3,1.8,1.9,14.8
382,Jason Preston,PG,23,LAC,5,0,8.8,1.2,3.2,.375,0.4,1.6,.250,0.8,1.6,.500,.438,0.0,0.4,.000,0.2,0.8,1.0,1.6,0.0,0.0,0.8,0.8,2.8
383,Joshua Primo,SG,20,SAS,4,0,23.3,2.3,6.5,.346,0.8,3.0,.250,1.5,3.5,.429,.404,1.8,2.3,.778,0.5,2.8,3.3,4.5,0.3,0.5,2.8,2.0,7.0
384,Taurean Prince,SF,28,MIN,18,0,19.6,2.8,5.7,.495,1.2,3.0,.389,1.7,2.7,.612,.597,1.1,1.2,.864,0.3,2.2,2.5,1.2,0.3,0.2,1.2,2.4,7.9
385,Payton Pritchard,PG,25,BOS,19,1,11.4,1.7,4.4,.386,0.9,2.6,.340,0.8,1.7,.455,.488,0.4,0.5,.700,0.6,0.9,1.5,1.3,0.3,0.1,0.7,0.4,4.6
386,Trevelin Queen,PG,25,IND,2,0,10.0,0.0,1.5,.000,0.0,1.5,.000,0.0,0.0,,.000,0.0,0.0,,0.5,1.0,1.5,1.0,0.5,0.5,1.5,0.5,0.0
387,Neemias Queta,C,23,SAC,3,0,6.7,2.0,2.7,.750,0.0,0.0,,2.0,2.7,.750,.750,0.0,0.7,.000,1.3,1.3,2.7,0.3,0.0,0.3,0.3,2.0,4.0
388,Immanuel Quickley,PG,23,NYK,32,1,24.0,3.5,8.8,.404,1.4,4.2,.346,2.1,4.6,.456,.486,1.8,2.2,.855,0.5,3.4,4.0,2.9,1.0,0.1,1.4,1.9,10.3
389,Julius Randle,PF,28,NYK,32,32,33.9,7.6,16.3,.464,2.3,6.9,.324,5.3,9.3,.569,.534,5.2,6.7,.771,2.0,7.3,9.3,3.6,0.7,0.2,2.7,3.1,22.5
390,Austin Reaves,SG,24,LAL,29,10,29.5,3.5,6.7,.521,1.2,3.2,.391,2.2,3.5,.637,.613,2.6,2.8,.915,0.7,2.4,3.1,2.1,0.6,0.4,1.1,1.7,10.8
391,Cam Reddish,SF,23,NYK,20,8,21.9,3.1,6.8,.449,0.9,2.8,.304,2.2,4.0,.550,.511,1.5,1.7,.879,0.4,1.2,1.6,1.0,0.8,0.4,0.8,1.6,8.4
392,Davon Reed,SG,27,DEN,21,1,10.4,0.8,2.6,.296,0.5,1.5,.355,0.2,1.1,.217,.398,0.4,0.6,.750,0.2,1.2,1.5,0.5,0.2,0.1,0.6,1.1,2.5
393,Paul Reed,C,23,PHI,26,0,10.5,1.3,2.4,.548,0.0,0.1,.000,1.3,2.3,.576,.548,0.3,0.5,.667,1.3,2.2,3.5,0.5,0.8,0.6,0.7,2.2,2.9
394,Naz Reid,C,23,MIN,26,3,16.5,3.9,7.0,.557,0.9,2.4,.381,3.0,4.6,.650,.623,1.2,1.8,.625,0.9,3.4,4.3,0.9,0.5,0.8,1.0,2.3,9.9
395,Nick Richards,C,25,CHO,32,0,19.1,3.4,5.6,.615,0.0,0.0,,3.4,5.6,.615,.615,2.2,3.0,.732,3.0,3.5,6.5,0.7,0.2,0.8,0.8,2.3,9.1
396,Josh Richardson,SG,29,SAS,21,3,23.2,3.7,9.0,.413,1.9,5.0,.368,1.9,4.0,.470,.516,1.4,1.6,.853,0.5,1.9,2.4,2.9,0.8,0.1,1.8,1.7,10.7
397,,,,,,,,,,,,,,,,,,,,,,,,,,,,,
398,Austin Rivers,SG,30,MIN,22,6,18.3,1.9,3.9,.477,1.0,2.3,.412,0.9,1.6,.571,.599,1.0,1.0,.913,0.1,1.5,1.6,1.1,0.5,0.0,0.5,1.5,5.6
399,Duncan Robinson,SF,28,MIA,23,0,18.5,2.3,6.3,.356,1.6,5.0,.322,0.7,1.3,.484,.483,0.8,0.9,.900,0.3,1.8,2.0,1.3,0.3,0.0,0.8,2.1,6.9
400,Mitchell Robinson,C,24,NYK,24,23,25.0,3.3,4.5,.731,0.0,0.0,,3.3,4.5,.731,.731,1.0,1.9,.533,4.2,4.2,8.3,0.8,0.7,1.9,0.6,2.8,7.6
401,Orlando Robinson,C,22,MIA,5,0,16.2,2.2,4.4,.500,0.0,1.0,.000,2.2,3.4,.647,.500,1.0,1.4,.714,0.8,2.6,3.4,1.2,1.0,0.6,0.6,1.8,5.4
402,Jeremiah Robinson-Earl,PF,22,OKC,26,18,21.1,3.3,6.7,.489,1.1,2.9,.382,2.2,3.8,.571,.572,0.8,1.1,.786,2.0,3.0,5.0,1.0,0.7,0.4,0.6,1.9,8.5
403,Isaiah Roby,PF,24,SAS,25,1,12.0,1.7,3.8,.448,0.6,1.6,.341,1.2,2.2,.527,.521,0.4,0.9,.435,0.4,2.2,2.6,1.2,0.5,0.2,0.7,1.3,4.4
404,David Roddy,PF,21,MEM,30,1,19.4,2.5,6.3,.400,1.0,3.4,.284,1.6,2.9,.534,.476,0.7,1.1,.636,0.7,2.2,2.8,0.7,0.4,0.3,0.8,1.4,6.7
405,Ryan Rollins,PG,20,GSW,11,0,5.5,0.5,1.7,.316,0.3,0.8,.333,0.3,0.9,.300,.395,0.5,0.5,1.000,0.2,0.7,0.9,0.5,0.1,0.1,1.5,0.9,1.9
406,Derrick Rose,PG,34,NYK,23,0,12.9,2.4,6.1,.397,0.8,2.3,.340,1.7,3.8,.432,.461,0.4,0.4,1.000,0.3,1.3,1.6,1.9,0.3,0.2,0.9,0.7,6.1
407,Terrence Ross,SG,31,ORL,30,8,23.6,3.1,7.6,.406,1.5,4.2,.354,1.6,3.4,.471,.504,0.4,0.5,.733,0.3,1.8,2.1,1.3,0.7,0.2,1.1,1.4,8.1
408,Terry Rozier,PG,28,CHO,22,22,36.0,8.0,20.1,.396,2.5,8.0,.314,5.5,12.1,.449,.458,2.5,3.0,.831,1.1,3.4,4.5,5.5,0.7,0.2,2.5,2.1,20.9
409,D'Angelo Russell,PG,26,MIN,30,30,32.2,6.1,13.3,.460,2.3,6.5,.354,3.8,6.8,.561,.546,1.9,2.4,.792,0.5,2.6,3.1,6.4,1.2,0.5,2.8,2.2,16.5
410,Matt Ryan,SF,25,TOT,17,0,8.5,0.9,3.1,.302,0.8,2.3,.359,0.1,0.8,.143,.434,0.2,0.3,.800,0.1,0.7,0.8,0.4,0.2,0.0,0.2,0.8,2.9
411,Matt Ryan,SF,25,LAL,12,0,10.8,1.3,4.1,.306,1.1,2.9,.371,0.2,1.2,.143,.439,0.3,0.4,.800,0.2,1.0,1.2,0.3,0.2,0.0,0.3,1.2,3.9
412,Matt Ryan,SF,25,MIN,5,0,3.2,0.2,0.8,.250,0.2,0.8,.250,0.0,0.0,,.375,0.0,0.0,,0.0,0.0,0.0,0.4,0.2,0.0,0.0,0.0,0.6
413,Domantas Sabonis,PF,26,SAC,30,30,33.6,6.6,10.5,.623,0.5,1.1,.412,6.1,9.4,.649,.646,4.3,5.8,.731,2.8,9.6,12.3,6.6,0.8,0.5,2.5,3.7,17.9
414,Dario Šarić,PF,28,PHO,15,3,11.5,1.4,3.9,.356,0.5,1.7,.320,0.9,2.3,.382,.424,0.5,0.7,.800,1.1,2.3,3.3,1.0,0.2,0.1,0.6,1.6,3.9
415,Jordan Schakel,SF,24,WAS,2,0,3.0,0.5,1.0,.500,0.5,0.5,1.000,0.0,0.5,.000,.750,0.0,0.0,,0.0,0.0,0.0,0.5,0.5,0.0,0.0,0.5,1.5
416,Admiral Schofield,PF,25,ORL,22,0,12.6,1.7,3.6,.481,0.8,2.2,.367,0.9,1.4,.667,.595,0.5,0.5,1.000,0.8,1.2,2.0,0.7,0.2,0.1,0.2,2.0,4.8
417,Dennis Schröder,PG,29,LAL,17,14,26.7,3.7,8.5,.434,1.0,2.9,.347,2.7,5.6,.479,.493,2.4,2.6,.909,0.1,1.8,1.9,3.7,0.5,0.0,1.5,2.1,10.8
418,Dereon Seabron,SG,22,NOP,2,0,1.5,0.0,0.0,,0.0,0.0,,0.0,0.0,,,0.0,0.0,,0.0,0.0,0.0,0.0,0.0,0.0,0.0,0.0,0.0
419,Alperen Şengün,C,20,HOU,28,25,26.6,5.7,10.4,.545,0.1,0.8,.174,5.5,9.6,.576,.551,2.9,3.7,.779,3.4,5.3,8.7,2.3,0.6,1.0,2.1,3.3,14.4
420,,,,,,,,,,,,,,,,,,,,,,,,,,,,,
421,Collin Sexton,SG,24,UTA,27,10,24.5,4.9,9.9,.493,0.9,2.6,.362,4.0,7.4,.538,.539,3.6,4.4,.831,0.8,1.6,2.4,3.0,0.6,0.1,1.8,2.3,14.3
422,Landry Shamet,SG,25,PHO,23,1,18.2,2.6,6.7,.392,1.8,4.7,.393,0.8,2.0,.391,.529,1.2,1.3,.900,0.3,0.8,1.1,1.8,0.7,0.2,0.8,1.3,8.2
423,Day'Ron Sharpe,C,21,BRK,17,1,8.9,1.4,2.6,.511,0.2,0.2,.750,1.2,2.4,.488,.544,0.7,1.0,.706,1.3,2.1,3.4,0.6,0.2,0.6,0.7,1.8,3.6
424,Shaedon Sharpe,SG,19,POR,31,5,20.0,3.3,7.1,.466,0.9,2.6,.341,2.4,4.5,.540,.529,0.5,0.9,.630,0.8,1.7,2.5,0.5,0.4,0.2,0.6,1.4,8.1
425,Pascal Siakam,C,28,TOR,22,22,36.4,9.2,18.9,.488,1.5,4.2,.348,7.8,14.7,.528,.526,6.3,8.0,.784,1.8,6.8,8.6,6.8,1.0,0.4,2.4,3.1,26.2
426,Ben Simmons,PG,26,BRK,22,17,27.1,3.7,6.0,.617,0.0,0.0,.000,3.7,6.0,.621,.617,0.8,1.7,.486,0.9,5.7,6.5,6.0,1.3,0.5,2.2,3.6,8.3
427,Marko Simonovic,C,23,CHI,1,0,2.0,0.0,1.0,.000,0.0,1.0,.000,0.0,0.0,,.000,0.0,0.0,,0.0,0.0,0.0,0.0,0.0,0.0,0.0,0.0,0.0
428,Anfernee Simons,SG,23,POR,30,30,35.8,8.1,18.1,.446,4.0,10.2,.392,4.1,7.9,.517,.557,2.7,3.0,.900,0.3,2.7,2.9,4.2,0.8,0.2,2.2,2.5,22.8
429,Jericho Sims,C,24,NYK,24,2,12.7,1.8,2.3,.786,0.0,0.0,,1.8,2.3,.786,.786,0.3,0.4,.800,1.8,2.3,4.2,0.3,0.2,0.7,0.4,1.7,4.0
430,Marcus Smart,PG,28,BOS,28,28,33.2,4.2,9.8,.431,1.9,5.5,.340,2.4,4.3,.545,.526,1.5,1.9,.774,0.6,2.7,3.3,7.3,1.3,0.4,2.4,3.1,11.8
431,Dennis Smith Jr.,PG,25,CHO,15,11,27.9,4.1,8.9,.463,0.7,2.0,.333,3.5,6.9,.500,.500,0.4,0.8,.500,0.6,2.7,3.3,5.7,1.8,0.7,1.5,2.3,9.3
432,Dru Smith,SG,25,MIA,5,1,13.4,1.0,2.8,.357,0.2,1.2,.167,0.8,1.6,.500,.393,0.0,0.0,,0.2,1.6,1.8,1.0,0.8,0.6,0.2,2.0,2.2
433,Ish Smith,PG,34,DEN,13,0,9.7,1.4,3.5,.400,0.2,0.5,.333,1.2,3.0,.410,.422,0.1,0.2,.500,0.1,1.0,1.1,1.9,0.2,0.5,1.0,0.7,3.0
434,Jabari Smith Jr.,PF,19,HOU,30,30,30.2,4.0,10.7,.376,2.0,5.7,.343,2.1,5.0,.413,.467,1.8,2.2,.831,1.2,5.8,7.1,0.7,0.5,1.0,1.3,3.2,11.8
435,Jalen Smith,PF,22,IND,31,27,21.4,3.8,8.7,.439,1.1,3.9,.281,2.7,4.8,.568,.502,1.7,2.2,.765,1.7,4.7,6.4,1.1,0.4,1.0,1.3,2.2,10.4
436,Jeremy Sochan,PF,19,SAS,24,21,24.0,3.3,7.2,.462,0.4,2.0,.184,3.0,5.2,.573,.488,0.5,1.2,.429,1.2,3.0,4.2,2.2,0.8,0.5,1.5,2.6,7.5
437,Jaden Springer,PG,20,PHI,4,0,2.8,0.5,1.3,.400,0.0,0.0,,0.5,1.3,.400,.400,0.3,0.5,.500,0.3,0.5,0.8,0.0,0.0,0.5,0.3,0.5,1.3
438,Lamar Stevens,PF,25,CLE,17,14,23.8,2.6,6.0,.441,0.6,1.9,.333,2.0,4.1,.493,.495,1.0,1.2,.810,0.6,3.5,4.1,0.5,0.5,0.4,0.5,1.5,6.9
439,Isaiah Stewart,C,21,DET,27,27,27.8,3.9,8.4,.465,1.5,4.1,.364,2.4,4.3,.560,.553,2.3,3.0,.756,2.2,6.0,8.2,1.1,0.3,0.7,1.3,2.8,11.6
440,Max Strus,SF,26,MIA,30,18,31.4,4.7,11.7,.402,2.7,8.1,.329,2.0,3.6,.565,.516,1.0,1.3,.816,0.6,2.9,3.4,1.9,0.8,0.3,1.0,2.2,13.1
441,,,,,,,,,,,,,,,,,,,,,,,,,,,,,
442,Jalen Suggs,PG,21,ORL,14,13,28.9,4.6,11.1,.419,1.4,4.9,.294,3.2,6.2,.517,.484,1.6,2.5,.657,1.1,2.2,3.3,5.4,1.6,0.6,3.4,3.1,12.4
443,Edmond Sumner,SG,27,BRK,27,9,15.6,2.6,5.5,.463,0.6,2.0,.296,2.0,3.5,.558,.517,1.9,2.0,.926,0.4,1.1,1.5,1.5,0.9,0.2,1.1,1.6,7.6
444,Cole Swider,SF,23,LAL,1,0,2.0,0.0,1.0,.000,0.0,1.0,.000,0.0,0.0,,.000,0.0,0.0,,0.0,1.0,1.0,1.0,0.0,0.0,0.0,0.0,0.0
445,Jae'Sean Tate,SF,27,HOU,3,2,22.7,3.3,6.7,.500,0.7,1.7,.400,2.7,5.0,.533,.550,1.0,1.3,.750,2.7,1.7,4.3,3.3,1.0,0.0,1.7,5.0,8.3
446,Jayson Tatum,PF,24,BOS,30,30,37.2,10.0,21.3,.472,3.3,9.3,.358,6.7,12.0,.560,.550,7.2,8.3,.860,1.2,6.9,8.1,4.1,1.1,0.9,2.7,2.1,30.6
447,Terry Taylor,SG,23,IND,16,2,8.0,0.7,1.9,.355,0.1,0.6,.200,0.6,1.3,.429,.387,0.3,0.3,.800,0.6,0.8,1.4,0.4,0.1,0.3,0.3,0.8,1.8
448,Garrett Temple,SG,36,NOP,10,0,7.6,1.0,2.3,.435,0.6,1.4,.429,0.4,0.9,.444,.565,0.3,0.4,.750,0.2,0.6,0.8,0.4,0.6,0.1,0.3,0.6,2.9
449,Dalen Terry,SG,20,CHI,12,0,3.5,0.3,1.0,.333,0.1,0.3,.250,0.3,0.7,.375,.375,0.3,0.3,.750,0.0,0.3,0.3,0.6,0.1,0.2,0.3,0.3,1.0
450,Cam Thomas,SG,21,BRK,24,0,14.6,2.2,5.5,.402,0.5,1.3,.367,1.8,4.3,.412,.443,2.0,2.5,.783,0.1,1.2,1.3,1.5,0.4,0.1,0.8,0.9,6.8
451,Klay Thompson,SG,32,GSW,26,26,30.8,6.5,16.4,.399,3.7,9.7,.378,2.9,6.7,.429,.511,1.3,1.5,.875,0.5,3.1,3.6,2.4,0.7,0.5,1.8,1.9,18.1
452,JT Thor,PF,20,CHO,21,0,10.0,0.8,2.4,.320,0.2,1.3,.185,0.5,1.1,.478,.370,0.5,0.6,.769,0.5,1.2,1.7,0.5,0.3,0.2,0.6,0.7,2.2
453,Matisse Thybulle,SG,25,PHI,26,5,12.2,1.0,2.5,.406,0.4,1.4,.306,0.6,1.1,.536,.492,0.1,0.2,.500,0.3,0.9,1.2,0.4,0.8,0.2,0.2,1.3,2.5
454,Xavier Tillman Sr.,PF,24,MEM,16,0,10.3,1.6,2.7,.605,0.1,0.4,.333,1.5,2.3,.649,.628,0.4,0.9,.429,1.1,1.3,2.4,0.5,0.4,0.4,0.4,1.0,3.8
455,Isaiah Todd,PF,21,WAS,4,0,3.3,0.3,1.0,.250,0.0,0.8,.000,0.3,0.3,1.000,.250,0.0,0.0,,0.0,0.0,0.0,0.0,0.0,0.0,0.0,0.0,0.5
456,Obi Toppin,PF,24,NYK,25,0,17.1,2.9,6.8,.421,1.4,3.9,.351,1.5,3.0,.514,.520,0.6,0.7,.824,0.6,3.2,3.8,1.0,0.4,0.2,0.8,1.1,7.7
457,Juan Toscano-Anderson,SF,29,LAL,14,1,10.4,0.9,2.0,.429,0.1,0.8,.182,0.7,1.2,.588,.464,0.4,0.5,.714,0.1,1.7,1.8,0.6,0.2,0.2,0.6,1.4,2.2
458,Karl-Anthony Towns,PF,27,MIN,21,21,33.8,7.3,14.4,.505,1.8,5.6,.325,5.5,8.9,.618,.568,4.4,5.0,.885,1.7,6.5,8.2,5.3,0.8,0.7,3.1,3.9,20.8
459,Gary Trent Jr.,SG,24,TOR,25,18,31.3,5.9,13.8,.430,2.3,6.8,.335,3.6,7.0,.523,.513,2.8,3.6,.778,0.5,1.5,2.0,1.4,1.6,0.1,1.1,1.5,16.9
460,P.J. Tucker,PF,37,PHI,30,30,28.8,1.3,3.2,.411,0.7,1.8,.370,0.6,1.4,.463,.516,0.3,0.4,.818,1.4,3.2,4.6,0.9,0.6,0.3,0.9,2.7,3.6
461,Myles Turner,C,26,IND,26,26,29.5,5.8,10.8,.541,1.7,4.0,.417,4.2,6.8,.612,.617,3.3,4.3,.768,1.4,6.3,7.8,1.5,0.6,2.1,1.7,3.5,16.7
462,,,,,,,,,,,,,,,,,,,,,,,,,,,,,
463,Jonas Valančiūnas,C,30,NOP,30,30,23.8,5.3,10.0,.532,0.7,1.8,.407,4.6,8.2,.559,.569,2.4,2.9,.828,2.7,6.6,9.3,1.8,0.3,0.3,2.0,2.8,13.7
464,Jarred Vanderbilt,PF,23,UTA,32,30,24.8,3.5,6.2,.571,0.4,1.1,.389,3.1,5.1,.611,.606,1.1,1.6,.680,2.5,5.7,8.2,2.8,1.2,0.3,1.5,2.8,8.6
465,Fred VanVleet,PG,28,TOR,26,26,37.2,6.1,16.0,.381,2.8,8.6,.327,3.3,7.5,.443,.469,4.0,4.6,.874,0.5,3.3,3.8,6.1,1.7,0.5,1.9,2.8,19.0
466,Devin Vassell,SG,22,SAS,24,19,31.6,7.3,16.0,.455,2.9,7.1,.412,4.4,9.0,.488,.545,2.5,3.1,.813,0.3,3.7,4.0,3.5,1.0,0.4,1.5,1.5,20.0
467,Gabe Vincent,PG,26,MIA,19,0,24.8,3.2,8.1,.390,1.4,4.8,.297,1.7,3.3,.524,.477,1.1,1.3,.840,0.3,1.8,2.1,2.9,0.8,0.1,1.4,2.6,8.8
468,Noah Vonleh,C,27,BOS,19,1,8.4,0.6,1.3,.458,0.1,0.2,.250,0.5,1.1,.500,.479,0.1,0.1,1.000,0.9,1.5,2.4,0.3,0.1,0.4,0.6,1.8,1.3
469,Nikola Vučević,C,32,CHI,31,31,32.5,6.7,13.0,.515,1.7,4.5,.371,5.0,8.5,.591,.579,1.7,2.0,.855,2.0,8.4,10.4,2.9,0.6,0.8,1.9,1.9,16.8
470,Dean Wade,PF,26,CLE,17,9,24.1,2.2,4.9,.452,1.4,3.3,.411,0.9,1.6,.536,.589,0.5,0.8,.692,0.6,3.5,4.1,1.0,0.7,0.4,0.4,2.5,6.4
471,Franz Wagner,SF,21,ORL,33,33,33.5,7.2,14.9,.479,1.5,4.5,.338,5.6,10.5,.539,.529,4.0,4.6,.868,1.0,3.2,4.2,3.4,0.8,0.3,2.3,2.4,19.8
472,Moritz Wagner,C,25,ORL,15,11,26.5,4.2,8.7,.485,0.9,3.5,.269,3.3,5.2,.628,.538,3.2,3.5,.923,1.9,5.0,6.9,2.2,0.9,0.3,1.6,3.2,12.5
473,Ish Wainright,SF,28,PHO,15,1,13.0,1.2,2.9,.409,0.9,2.3,.400,0.3,0.6,.444,.568,0.1,0.2,.667,1.0,1.2,2.2,0.9,0.5,0.2,0.2,1.4,3.5
474,Jabari Walker,SF,20,POR,17,0,7.7,0.7,1.9,.375,0.2,0.6,.273,0.5,1.2,.429,.422,0.2,0.4,.667,0.5,1.4,1.9,0.6,0.1,0.2,0.3,0.9,1.8
475,Kemba Walker,PG,32,DAL,5,1,23.8,4.2,10.0,.420,1.2,4.8,.250,3.0,5.2,.577,.480,3.2,3.8,.842,0.6,2.6,3.2,3.4,0.0,0.4,0.8,2.0,12.8
476,Lonnie Walker IV,SG,24,LAL,28,28,30.4,5.7,12.1,.471,2.1,5.2,.397,3.6,6.9,.526,.556,2.0,2.3,.877,0.3,2.1,2.5,1.5,0.8,0.4,1.0,1.8,15.5
477,John Wall,PG,32,LAC,26,3,22.4,4.2,10.3,.405,0.9,3.4,.261,3.3,7.0,.475,.448,2.6,3.9,.673,0.4,2.3,2.7,5.5,0.8,0.3,2.4,1.5,11.9
478,T.J. Warren,SF,29,BRK,8,0,16.6,3.8,6.8,.556,0.4,1.3,.300,3.4,5.5,.614,.583,0.6,0.8,.833,0.9,1.6,2.5,1.6,0.6,0.1,0.4,1.8,8.5
479,Duane Washington Jr.,SG,22,PHO,16,0,9.2,2.1,5.3,.388,0.8,2.7,.302,1.3,2.6,.476,.465,0.0,0.1,.000,0.0,0.7,0.7,0.9,0.1,0.1,0.6,0.4,4.9
480,P.J. Washington,PF,24,CHO,31,31,31.8,5.3,13.2,.403,1.7,5.5,.318,3.6,7.7,.464,.469,1.9,2.4,.800,1.1,3.8,4.8,2.3,0.7,1.0,1.5,2.6,14.3
481,TyTy Washington Jr.,PG,21,HOU,5,0,8.0,1.8,3.0,.600,0.2,1.2,.167,1.6,1.8,.889,.633,0.2,0.4,.500,0.2,1.0,1.2,1.4,0.2,0.0,0.0,0.8,4.0
482,Yuta Watanabe,SF,28,BRK,19,0,19.2,3.0,5.3,.564,1.6,3.1,.534,1.4,2.3,.605,.718,0.5,0.7,.692,0.8,2.3,3.1,1.1,0.4,0.5,0.4,1.6,8.1
483,,,,,,,,,,,,,,,,,,,,,,,,,,,,,
484,Lindy Waters III,SG,25,OKC,9,0,12.8,1.3,3.6,.375,1.2,3.3,.367,0.1,0.2,.500,.547,0.1,0.1,1.000,0.3,1.2,1.6,0.7,0.4,0.0,0.2,1.1,4.0
485,Trendon Watford,PF,22,POR,23,2,17.7,2.0,3.6,.561,0.3,0.8,.389,1.7,2.8,.609,.604,1.3,1.7,.769,0.8,3.3,4.1,1.9,0.5,0.1,1.0,1.9,5.6
486,Peyton Watson,SG,20,DEN,6,0,2.5,0.5,1.5,.333,0.0,0.2,.000,0.5,1.3,.375,.333,0.0,0.0,,0.3,0.2,0.5,0.0,0.0,0.0,0.0,0.2,1.0
487,Blake Wesley,SG,19,SAS,2,0,11.5,3.0,4.5,.667,1.0,1.5,.667,2.0,3.0,.667,.778,1.0,2.0,.500,0.5,0.5,1.0,2.0,0.0,0.0,1.0,1.5,8.0
488,Russell Westbrook,PG,34,LAL,28,3,28.1,5.3,13.2,.400,1.0,3.8,.271,4.3,9.4,.452,.439,2.9,4.2,.678,1.2,5.0,6.2,7.6,1.1,0.5,3.6,2.4,14.5
489,Coby White,PG,22,CHI,23,0,20.7,2.8,7.0,.398,1.5,4.6,.330,1.3,2.4,.527,.506,1.0,1.2,.786,0.1,2.4,2.5,1.9,0.7,0.2,1.0,1.7,8.0
490,Derrick White,SG,28,BOS,32,25,25.6,3.2,7.4,.426,1.6,4.1,.385,1.6,3.3,.477,.532,1.8,2.0,.875,0.6,2.4,2.9,3.1,0.8,0.8,1.0,2.4,9.6
491,Jack White,SF,25,DEN,8,0,3.3,0.1,0.8,.167,0.0,0.3,.000,0.1,0.5,.250,.167,0.0,0.0,,0.3,0.4,0.6,0.0,0.1,0.3,0.0,0.5,0.3
492,Aaron Wiggins,SG,24,OKC,24,6,19.3,2.4,5.1,.475,0.7,1.9,.370,1.7,3.2,.539,.545,1.1,1.4,.788,1.0,2.7,3.7,1.6,0.5,0.2,0.8,1.7,6.6
493,Andrew Wiggins,SF,27,GSW,22,22,32.8,7.4,14.5,.511,3.0,6.8,.450,4.4,7.7,.565,.616,1.2,2.0,.628,1.5,3.6,5.1,2.2,1.4,0.8,1.4,2.9,19.1
494,Alondes Williams,SG,23,BRK,1,0,5.0,0.0,0.0,,0.0,0.0,,0.0,0.0,,,0.0,0.0,,0.0,1.0,1.0,0.0,0.0,0.0,2.0,1.0,0.0
495,Grant Williams,PF,24,BOS,31,14,28.2,3.3,6.2,.526,1.6,3.7,.435,1.6,2.5,.662,.656,1.2,1.4,.818,1.0,3.6,4.6,1.6,0.8,0.3,0.9,2.6,9.3
496,Jalen Williams,SG,21,OKC,28,15,27.2,4.4,8.5,.515,0.7,2.5,.286,3.7,6.0,.609,.556,1.5,2.0,.745,0.6,2.8,3.3,2.7,0.6,0.4,1.6,2.5,11.0
497,Jaylin Williams,PF,20,OKC,7,0,8.7,1.1,2.6,.444,0.1,0.7,.200,1.0,1.9,.538,.472,0.6,0.9,.667,0.9,1.4,2.3,1.0,0.4,0.0,0.3,1.4,3.0
498,Kenrich Williams,PF,28,OKC,24,3,21.5,3.0,5.7,.526,0.8,2.0,.375,2.3,3.7,.607,.591,0.3,0.8,.421,1.8,2.4,4.1,1.6,0.8,0.2,0.5,1.9,7.1
499,Mark Williams,C,21,CHO,3,0,4.3,1.3,2.3,.571,0.0,0.0,,1.3,2.3,.571,.571,1.0,1.0,1.000,1.3,1.3,2.7,0.0,0.0,0.0,0.7,1.0,3.7
500,Patrick Williams,PF,21,CHI,31,30,27.5,3.6,7.8,.459,1.4,3.2,.424,2.2,4.6,.483,.545,1.0,1.1,.914,1.0,2.9,3.9,1.3,0.6,1.0,1.5,2.0,9.5
501,Robert Williams,C,25,BOS,3,0,19.0,3.3,4.7,.714,0.0,0.0,,3.3,4.7,.714,.714,0.3,0.7,.500,3.3,4.0,7.3,1.3,0.7,1.3,1.0,1.7,7.0
502,Vince Williams Jr.,SG,22,MEM,6,0,6.7,0.5,1.8,.273,0.2,1.3,.125,0.3,0.5,.667,.318,0.0,0.0,,0.2,0.7,0.8,0.3,0.7,0.2,0.0,0.8,1.2
503,Ziaire Williams,SF,21,MEM,6,0,18.0,1.8,6.0,.306,0.2,3.0,.056,1.7,3.0,.556,.319,0.3,0.3,1.000,0.3,3.8,4.2,2.0,0.5,0.3,1.3,1.2,4.2
504,,,,,,,,,,,,,,,,,,,,,,,,,,,,,
505,Zion Williamson,PF,22,NOP,25,25,33.4,9.7,16.0,.603,0.2,0.7,.333,9.4,15.3,.616,.611,5.6,7.8,.713,2.1,5.0,7.2,4.7,1.2,0.6,3.1,2.2,25.2
506,Justise Winslow,SF,26,POR,29,11,26.8,2.8,6.8,.409,0.5,1.6,.311,2.3,5.3,.438,.444,0.7,1.0,.714,1.7,3.3,5.0,3.4,1.0,0.4,1.5,3.1,6.8
507,James Wiseman,C,21,GSW,16,0,13.5,2.9,4.8,.618,0.1,0.1,.500,2.9,4.6,.622,.625,1.4,2.2,.657,0.9,2.7,3.6,0.8,0.1,0.4,0.8,2.2,7.4
508,Christian Wood,PF,27,DAL,29,4,27.2,6.3,11.8,.536,1.6,4.1,.387,4.8,7.7,.616,.603,2.9,4.2,.702,1.2,6.9,8.1,1.3,0.4,0.7,2.3,2.7,17.2
509,Delon Wright,PG,30,WAS,4,0,22.8,2.5,6.0,.417,0.8,3.0,.250,1.8,3.0,.583,.479,0.8,1.3,.600,1.0,1.5,2.5,3.3,2.8,1.0,1.0,1.3,6.5
510,McKinley Wright IV,PG,24,DAL,2,0,4.0,0.5,2.0,.250,0.0,0.5,.000,0.5,1.5,.333,.250,0.0,0.0,,1.0,0.5,1.5,1.5,0.5,0.0,0.0,0.0,1.0
511,Thaddeus Young,PF,34,TOR,29,9,17.5,2.3,4.2,.537,0.1,0.8,.182,2.1,3.5,.614,.553,0.4,0.6,.813,1.8,2.1,3.9,1.8,1.1,0.1,0.8,1.9,5.1
512,Trae Young,PG,24,ATL,29,29,35.8,8.8,21.3,.411,2.2,7.3,.307,6.5,14.0,.466,.464,7.8,8.6,.904,0.8,2.1,2.9,9.8,0.7,0.1,3.9,1.4,27.6
513,Ivica Zubac,C,25,LAC,31,31,29.3,3.9,6.3,.617,0.0,0.0,.000,3.9,6.3,.621,.617,2.1,3.1,.667,3.3,7.5,10.7,1.1,0.4,1.5,2.1,3.2,9.9
