,Player,Age,Tm,First,Pts Won,Pts Max,Share,G,MP,PTS,TRB,AST,STL,BLK,FG%,3P%,FT%,WS,WS/48,1,2,3
0,Nikola Jokić,25,DEN,91.0,971.0,1010,0.961,72,34.6,26.4,10.8,8.3,1.3,0.7,.566,.388,.868,15.6,.301,,,
1,Joel Embiid,26,PHI,1.0,586.0,1010,0.580,51,31.1,28.5,10.6,2.8,1.0,1.4,.513,.377,.859,8.8,.266,,,
2,Stephen Curry,32,GSW,5.0,453.0,1010,0.449,63,34.2,32.0,5.5,5.8,1.2,0.1,.482,.421,.916,9.0,.201,,,
3,Giannis Antetokounmpo,26,MIL,1.0,348.0,1010,0.345,61,33.0,28.1,11.0,5.9,1.2,1.2,.569,.303,.685,10.2,.244,,,
4,Chris Paul,35,PHO,2.0,139.0,1010,0.138,70,31.4,16.4,4.5,8.9,1.4,0.3,.499,.395,.934,9.2,.201,,,
5,Luka Dončić,21,DAL,0.0,42.0,1010,0.042,66,34.3,27.7,8.0,8.6,1.0,0.5,.479,.350,.730,7.7,.163,,,
6,Damian Lillard,30,POR,0.0,38.0,1010,0.038,67,35.8,28.8,4.2,7.5,0.9,0.3,.451,.391,.928,10.4,.209,,,
7,Julius Randle,26,NYK,0.0,20.0,1010,0.020,71,37.6,24.1,10.2,6.0,0.9,0.3,.456,.411,.811,7.8,.140,,,
8,Derrick Rose,32,TOT,1.0,10.0,1010,0.010,50,25.6,14.7,2.6,4.2,1.0,0.4,.470,.388,.866,3.1,.118,,,
9,Rudy Gobert,28,UTA,0.0,8.0,1010,0.008,71,30.8,14.3,13.5,1.3,0.6,2.7,.675,.000,.623,11.3,.248,,,
10,Giannis Antetokounmpo,25,MIL,85.0,962.0,1010,0.952,63,30.4,29.5,13.6,5.6,1.0,1.0,.553,.304,.633,11.1,.279,,,
11,LeBron James,35,LAL,16.0,753.0,1010,0.746,67,34.6,25.3,7.8,10.2,1.2,0.5,.493,.348,.693,9.8,.204,,,
12,James Harden,30,HOU,0.0,367.0,1010,0.363,68,36.5,34.3,6.6,7.5,1.8,0.9,.444,.355,.865,13.1,.254,,,
13,Luka Dončić,20,DAL,0.0,200.0,1010,0.198,61,33.6,28.8,9.4,8.8,1.0,0.2,.463,.316,.758,8.8,.207,,,
14,Kawhi Leonard,28,LAC,0.0,168.0,1010,0.166,57,32.4,27.1,7.1,4.9,1.8,0.6,.470,.378,.886,8.7,.226,,,
15,Anthony Davis,26,LAL,0.0,82.0,1010,0.081,62,34.4,26.1,9.3,3.2,1.5,2.3,.503,.330,.846,11.1,.250,,,
16,Chris Paul,34,OKC,0.0,26.0,1010,0.026,70,31.5,17.6,5.0,6.7,1.6,0.2,.489,.365,.907,8.9,.193,,,
17,Damian Lillard,29,POR,0.0,23.0,1010,0.023,66,37.5,30.0,4.3,8.0,1.1,0.3,.463,.401,.888,11.6,.225,,,
18,Nikola Jokić,24,DEN,0.0,18.0,1010,0.018,73,32.0,19.9,9.7,7.0,1.2,0.6,.528,.314,.817,9.8,.202,,,
19,Pascal Siakam,25,TOR,0.0,17.0,1010,0.017,60,35.2,22.9,7.3,3.5,1.0,0.9,.453,.359,.792,5.4,.123,,,
20,Giannis Antetokounmpo,24,MIL,78.0,941.0,1010,0.932,72,32.8,27.7,12.5,5.9,1.3,1.5,.578,.256,.729,14.4,.292,,,
21,James Harden,29,HOU,23.0,776.0,1010,0.768,78,36.8,36.1,6.6,7.5,2.0,0.7,.442,.368,.879,15.2,.254,,,
22,Paul George,28,OKC,0.0,356.0,1010,0.352,77,36.9,28.0,8.2,4.1,2.2,0.4,.438,.386,.839,11.9,.201,,,
23,Nikola Jokić,23,DEN,0.0,212.0,1010,0.210,80,31.3,20.1,10.8,7.3,1.4,0.7,.511,.307,.821,11.8,.226,,,
24,Stephen Curry,30,GSW,0.0,175.0,1010,0.173,69,33.8,27.3,5.3,5.2,1.3,0.4,.472,.437,.916,9.7,.199,,,
25,Damian Lillard,28,POR,0.0,69.0,1010,0.068,80,35.5,25.8,4.6,6.9,1.1,0.4,.444,.369,.912,12.1,.205,,,
26,Joel Embiid,24,PHI,0.0,49.0,1010,0.049,64,33.7,27.5,13.6,3.7,0.7,1.9,.484,.300,.804,8.7,.194,,,
27,Kevin Durant,30,GSW,0.0,25.0,1010,0.025,78,34.6,26.0,6.4,5.9,0.7,1.1,.521,.353,.885,11.5,.204,,,
28,Kawhi Leonard,27,TOR,0.0,13.0,1010,0.013,60,34.0,26.6,7.3,3.3,1.8,0.4,.496,.371,.854,9.5,.224,,,
29,Russell Westbrook,30,OKC,0.0,8.0,1010,0.008,73,36.0,22.9,11.1,10.7,1.9,0.5,.428,.290,.656,6.8,.124,,,
30,James Harden,28,HOU,86.0,965.0,1010,0.955,72,35.4,30.4,5.4,8.8,1.8,0.7,.449,.367,.858,15.4,.289,,,
31,LeBron James,33,CLE,15.0,738.0,1010,0.731,82,36.9,27.5,8.6,9.1,1.4,0.9,.542,.367,.731,14.0,.221,,,
32,Anthony Davis,24,NOP,0.0,445.0,1010,0.441,75,36.4,28.1,11.1,2.3,1.5,2.6,.534,.340,.828,13.7,.241,,,
33,Damian Lillard,27,POR,0.0,207.0,1010,0.205,73,36.6,26.9,4.5,6.6,1.1,0.4,.439,.361,.916,12.6,.227,,,
34,Russell Westbrook,29,OKC,0.0,76.0,1010,0.075,80,36.4,25.4,10.1,10.3,1.8,0.3,.449,.298,.737,10.1,.166,,,
35,Giannis Antetokounmpo,23,MIL,0.0,75.0,1010,0.074,75,36.7,26.9,10.0,4.8,1.5,1.4,.529,.307,.760,11.9,.207,,,
36,Kevin Durant,29,GSW,0.0,66.0,1010,0.065,68,34.2,26.4,6.8,5.4,0.7,1.8,.516,.419,.889,10.4,.215,,,
37,DeMar DeRozan,28,TOR,0.0,32.0,1010,0.032,80,33.9,23.0,3.9,5.2,1.1,0.3,.456,.310,.825,9.6,.170,,,
38,LaMarcus Aldridge,32,SAS,0.0,6.0,1010,0.006,75,33.5,23.1,8.5,2.0,0.6,1.2,.510,.293,.837,10.9,.209,,,
39,Jimmy Butler,28,MIN,0.0,5.0,1010,0.005,59,36.7,22.2,5.3,4.9,2.0,0.4,.474,.350,.854,8.9,.198,,,
40,Russell Westbrook,28,OKC,69.0,888.0,1010,0.879,81,34.6,31.6,10.7,10.4,1.6,0.4,.425,.343,.845,13.1,.224,,,
41,James Harden,27,HOU,22.0,753.0,1010,0.746,81,36.4,29.1,8.1,11.2,1.5,0.5,.440,.347,.847,15.0,.245,,,
42,Kawhi Leonard,25,SAS,9.0,500.0,1010,0.495,74,33.4,25.5,5.8,3.5,1.8,0.7,.485,.380,.880,13.6,.264,,,
43,LeBron James,32,CLE,1.0,333.0,1010,0.330,74,37.8,26.4,8.6,8.7,1.2,0.6,.548,.363,.674,12.9,.221,,,
44,Isaiah Thomas,27,BOS,0.0,81.0,1010,0.080,76,33.8,28.9,2.7,5.9,0.9,0.2,.463,.379,.909,12.5,.234,,,
45,Stephen Curry,28,GSW,0.0,52.0,1010,0.051,79,33.4,25.3,4.5,6.6,1.8,0.2,.468,.411,.898,12.6,.229,,,
46,Giannis Antetokounmpo,22,MIL,0.0,7.0,1010,0.007,80,35.6,22.9,8.8,5.4,1.6,1.9,.521,.272,.770,12.4,.210,,,
47,John Wall,26,WAS,0.0,7.0,1010,0.007,78,36.4,23.1,4.2,10.7,2.0,0.6,.451,.327,.801,8.8,.149,,,
48,Anthony Davis,23,NOP,0.0,2.0,1010,0.002,75,36.1,28.0,11.8,2.1,1.3,2.2,.505,.299,.802,11.0,.195,,,
49,Kevin Durant,28,GSW,0.0,2.0,1010,0.002,62,33.4,25.1,8.3,4.8,1.1,1.6,.537,.375,.875,12.0,.278,,,
50,Stephen Curry,27,GSW,131.0,1310.0,1310,1.000,79,34.2,30.1,5.4,6.7,2.1,0.2,.504,.454,.908,17.9,.318,,,
51,Kawhi Leonard,24,SAS,0.0,634.0,1310,0.484,72,33.1,21.2,6.8,2.6,1.8,1.0,.506,.443,.874,13.7,.277,,,
52,LeBron James,31,CLE,0.0,631.0,1310,0.482,76,35.6,25.3,7.4,6.8,1.4,0.6,.520,.309,.731,13.6,.242,,,
53,Russell Westbrook,27,OKC,0.0,486.0,1310,0.371,80,34.4,23.5,7.8,10.4,2.0,0.3,.454,.296,.812,14.0,.245,,,
54,Kevin Durant,27,OKC,0.0,147.0,1310,0.112,72,35.8,28.2,8.2,5.0,1.0,1.2,.505,.387,.898,14.5,.270,,,
55,Chris Paul,30,LAC,0.0,107.0,1310,0.082,74,32.7,19.5,4.2,10.0,2.1,0.2,.462,.371,.896,12.7,.253,,,
56,Draymond Green,25,GSW,0.0,50.0,1310,0.038,81,34.7,14.0,9.5,7.4,1.5,1.4,.490,.388,.696,11.1,.190,,,
57,Damian Lillard,25,POR,0.0,26.0,1310,0.020,75,35.7,25.1,4.0,6.8,0.9,0.4,.419,.375,.892,9.2,.165,,,
58,James Harden,26,HOU,0.0,9.0,1310,0.007,82,38.1,29.0,6.1,7.5,1.7,0.6,.439,.359,.860,13.3,.204,,,
59,Kyle Lowry,29,TOR,0.0,6.0,1310,0.005,77,37.0,21.2,4.7,6.4,2.1,0.4,.427,.388,.811,11.6,.196,,,
60,Stephen Curry,26,GSW,100.0,1198.0,1300,0.922,80,32.7,23.8,4.3,7.7,2.0,0.2,.487,.443,.914,15.7,.288,,,
61,James Harden,25,HOU,25.0,936.0,1300,0.720,81,36.8,27.4,5.7,7.0,1.9,0.7,.440,.375,.868,16.4,.265,,,
62,LeBron James,30,CLE,5.0,552.0,1300,0.425,69,36.1,25.3,6.0,7.4,1.6,0.7,.488,.354,.710,10.4,.199,,,
63,Russell Westbrook,26,OKC,0.0,352.0,1300,0.271,67,34.4,28.1,7.3,8.6,2.1,0.2,.426,.299,.835,10.6,.222,,,
64,Anthony Davis,21,NOP,0.0,203.0,1300,0.156,68,36.1,24.4,10.2,2.2,1.5,2.9,.535,.083,.805,14.0,.274,,,
65,Chris Paul,29,LAC,0.0,124.0,1300,0.095,82,34.8,19.1,4.6,10.2,1.9,0.2,.485,.398,.900,16.1,.270,,,
66,LaMarcus Aldridge,29,POR,0.0,6.0,1300,0.005,71,35.4,23.4,10.2,1.7,0.7,1.0,.466,.352,.845,8.6,.165,,,
67,Marc Gasol,30,MEM,0.0,3.0,1300,0.002,81,33.2,17.4,7.8,3.8,0.9,1.6,.494,.176,.795,10.2,.182,,,
68,Blake Griffin,25,LAC,0.0,3.0,1300,0.002,67,35.2,21.9,7.6,5.3,0.9,0.5,.502,.400,.728,9.0,.183,,,
69,Tim Duncan,38,SAS,0.0,1.0,1300,0.001,77,28.9,13.9,9.1,3.0,0.8,2.0,.512,.286,.740,9.6,.207,,,
70,Kevin Durant,25,OKC,119.0,1232.0,1250,0.986,81,38.5,32.0,7.4,5.5,1.3,0.7,.503,.391,.873,19.2,.295,,,
71,LeBron James,29,MIA,6.0,891.0,1250,0.713,77,37.7,27.1,6.9,6.3,1.6,0.3,.567,.379,.750,15.9,.264,,,
72,Blake Griffin,24,LAC,0.0,434.0,1250,0.347,80,35.8,24.1,9.5,3.9,1.2,0.6,.528,.273,.715,12.2,.205,,,
73,Joakim Noah,28,CHI,0.0,322.0,1250,0.258,80,35.3,12.6,11.3,5.4,1.2,1.5,.475,.000,.737,11.2,.190,,,
74,James Harden,24,HOU,0.0,85.0,1250,0.068,73,38.0,25.4,4.7,6.1,1.6,0.4,.456,.366,.866,12.8,.221,,,
75,Stephen Curry,25,GSW,0.0,66.0,1250,0.053,78,36.5,24.0,4.3,8.5,1.6,0.2,.471,.424,.885,13.4,.225,,,
76,Chris Paul,28,LAC,0.0,45.0,1250,0.036,62,35.0,19.1,4.3,10.7,2.5,0.1,.467,.368,.855,12.2,.270,,,
77,Al Jefferson,29,CHA,0.0,34.0,1250,0.027,73,35.0,21.8,10.8,2.1,0.9,1.1,.509,.200,.690,7.8,.146,,,
78,Paul George,23,IND,0.0,33.0,1250,0.026,80,36.2,21.7,6.8,3.5,1.9,0.3,.424,.364,.864,10.8,.178,,,
79,LaMarcus Aldridge,28,POR,0.0,26.0,1250,0.021,69,36.2,23.2,11.1,2.6,0.9,1.0,.458,.200,.822,7.5,.144,,,
80,LeBron James,28,MIA,120.0,1207.0,1210,0.998,76,37.9,26.8,8.0,7.3,1.7,0.9,.565,.406,.753,19.3,.322,,,
81,Kevin Durant,24,OKC,0.0,765.0,1210,0.632,81,38.5,28.1,7.9,4.6,1.4,1.3,.510,.416,.905,18.9,.291,,,
82,Carmelo Anthony,28,NYK,1.0,475.0,1210,0.393,67,37.0,28.7,6.9,2.6,0.8,0.5,.449,.379,.830,9.5,.184,,,
83,Chris Paul,27,LAC,0.0,289.0,1210,0.239,70,33.4,16.9,3.7,9.7,2.4,0.1,.481,.328,.885,13.9,.287,,,
84,Kobe Bryant,34,LAL,0.0,184.0,1210,0.152,78,38.6,27.3,5.6,6.0,1.4,0.3,.463,.324,.839,10.9,.174,,,
85,Tony Parker,30,SAS,0.0,86.0,1210,0.071,66,32.9,20.3,3.0,7.6,0.8,0.1,.522,.353,.845,9.3,.206,,,
86,Tim Duncan,36,SAS,0.0,65.0,1210,0.054,69,30.1,17.8,9.9,2.7,0.7,2.7,.502,.286,.817,8.3,.191,,,
87,James Harden,23,HOU,0.0,33.0,1210,0.027,78,38.3,25.9,4.9,5.8,1.8,0.5,.438,.368,.851,12.8,.206,,,
88,Russell Westbrook,24,OKC,0.0,9.0,1210,0.007,82,34.9,23.2,5.2,7.4,1.8,0.3,.438,.323,.800,11.6,.195,,,
89,Dwyane Wade,31,MIA,0.0,5.0,1210,0.004,69,34.7,21.2,5.0,5.1,1.9,0.8,.521,.258,.725,9.6,.192,,,
90,LeBron James,27,MIA,85.0,1074.0,1210,0.888,62,37.5,27.1,7.9,6.2,1.9,0.8,.531,.362,.771,14.5,.298,,,
91,Kevin Durant,23,OKC,24.0,889.0,1210,0.735,66,38.6,28.0,8.0,3.5,1.3,1.2,.496,.387,.860,12.2,.230,,,
92,Chris Paul,26,LAC,6.0,385.0,1210,0.318,60,36.4,19.8,3.6,9.1,2.5,0.1,.478,.371,.861,12.7,.278,,,
93,Kobe Bryant,33,LAL,2.0,352.0,1210,0.291,58,38.5,27.9,5.4,4.6,1.2,0.3,.430,.303,.845,6.2,.132,,,
94,Tony Parker,29,SAS,4.0,331.0,1210,0.274,60,32.1,18.3,2.9,7.7,1.0,0.1,.480,.230,.799,7.1,.177,,,
95,Kevin Love,23,MIN,0.0,58.0,1210,0.048,55,39.0,26.0,13.3,2.0,0.9,0.5,.448,.372,.824,10.0,.223,,,
96,Dwight Howard,26,ORL,0.0,13.0,1210,0.011,54,38.3,20.6,14.5,1.9,1.5,2.1,.573,.000,.491,7.7,.179,,,
97,Rajon Rondo,25,BOS,0.0,12.0,1210,0.010,53,36.9,11.9,4.8,11.7,1.8,0.1,.448,.238,.597,4.9,.121,,,
98,Steve Nash,37,PHO,0.0,7.0,1210,0.006,62,31.6,12.5,3.0,10.7,0.6,0.1,.532,.390,.894,5.9,.144,,,
99,Dwyane Wade,30,MIA,0.0,6.0,1210,0.005,49,33.2,22.1,4.8,4.6,1.7,1.3,.497,.268,.791,7.7,.227,,,
100,Derrick Rose,22,CHI,113.0,1182.0,1210,0.977,81,37.4,25.0,4.1,7.7,1.0,0.6,.445,.332,.858,13.1,.208,,,
101,Dwight Howard,25,ORL,3.0,643.0,1210,0.531,78,37.6,22.9,14.1,1.4,1.4,2.4,.593,.000,.596,14.4,.235,,,
102,LeBron James,26,MIA,4.0,522.0,1210,0.431,79,38.8,26.7,7.5,7.0,1.6,0.6,.510,.330,.759,15.6,.244,,,
103,Kobe Bryant,32,LAL,1.0,428.0,1210,0.354,82,33.9,25.3,5.1,4.7,1.2,0.1,.451,.323,.828,10.3,.178,,,
104,Kevin Durant,22,OKC,0.0,190.0,1210,0.157,78,38.9,27.7,6.8,2.7,1.1,1.0,.462,.350,.880,12.0,.189,,,
105,Dirk Nowitzki,32,DAL,0.0,113.0,1210,0.093,73,34.3,23.0,7.0,2.6,0.5,0.6,.517,.393,.892,11.1,.213,,,
106,Dwyane Wade,29,MIA,0.0,24.0,1210,0.020,76,37.1,25.5,6.4,4.6,1.5,1.1,.500,.306,.758,12.8,.218,,,
107,Manu Ginóbili,33,SAS,0.0,20.0,1210,0.017,80,30.3,17.4,3.7,4.9,1.5,0.4,.433,.349,.871,9.9,.195,,,
108,Amar'e Stoudemire,28,NYK,0.0,9.0,1210,0.007,78,36.8,25.3,8.2,2.6,0.9,1.9,.502,.435,.792,8.0,.134,,,
109,Blake Griffin,21,LAC,0.0,5.0,1210,0.004,82,38.0,22.5,12.1,3.8,0.8,0.5,.506,.292,.642,9.8,.152,,,
110,LeBron James,25,CLE,116.0,1205.0,1230,0.980,76,39.0,29.7,7.3,8.6,1.6,1.0,.503,.333,.767,18.5,.299,,,
111,Kevin Durant,21,OKC,4.0,609.0,1230,0.495,82,39.5,30.1,7.6,2.8,1.4,1.0,.476,.365,.900,16.1,.238,,,
112,Kobe Bryant,31,LAL,0.0,599.0,1230,0.487,73,38.8,27.0,5.4,5.0,1.5,0.3,.456,.329,.811,9.4,.160,,,
113,Dwight Howard,24,ORL,3.0,478.0,1230,0.389,82,34.7,18.3,13.2,1.8,0.9,2.8,.612,.000,.592,13.2,.223,,,
114,Dwyane Wade,28,MIA,0.0,119.0,1230,0.097,77,36.3,26.6,4.8,6.5,1.8,1.1,.476,.300,.761,13.0,.224,,,
115,Carmelo Anthony,25,DEN,0.0,65.0,1230,0.053,69,38.2,28.2,6.6,3.2,1.3,0.4,.458,.316,.830,7.9,.145,,,
116,Dirk Nowitzki,31,DAL,0.0,55.0,1230,0.045,81,37.5,25.0,7.7,2.7,0.9,1.0,.481,.421,.915,12.3,.194,,,
117,Steve Nash,35,PHO,0.0,49.0,1230,0.040,81,32.8,16.5,3.3,11.0,0.5,0.1,.507,.426,.938,9.9,.178,,,
118,Deron Williams,25,UTA,0.0,7.0,1230,0.006,76,36.9,18.7,4.0,10.5,1.3,0.2,.469,.371,.801,10.3,.177,,,
119,Amar'e Stoudemire,27,PHO,0.0,5.0,1230,0.004,82,34.6,23.1,8.9,1.0,0.6,1.0,.557,.167,.771,10.7,.181,,,
120,LeBron James,24,CLE,109.0,1172.0,1210,0.969,81,37.7,28.4,7.6,7.2,1.7,1.1,.489,.344,.780,20.3,.318,,,
121,Kobe Bryant,30,LAL,2.0,698.0,1210,0.577,82,36.1,26.8,5.2,4.9,1.5,0.5,.467,.351,.856,12.7,.206,,,
122,Dwyane Wade,27,MIA,7.0,680.0,1210,0.562,79,38.6,30.2,5.0,7.5,2.2,1.3,.491,.317,.765,14.7,.232,,,
123,Dwight Howard,23,ORL,1.0,328.0,1210,0.271,79,35.7,20.6,13.8,1.4,1.0,2.9,.572,.000,.594,13.8,.234,,,
124,Chris Paul,23,NOH,2.0,192.0,1210,0.159,78,38.5,22.8,5.5,11.0,2.8,0.1,.503,.364,.868,18.3,.292,,,
125,Chauncey Billups,32,TOT,0.0,33.0,1210,0.027,79,35.3,17.7,3.0,6.4,1.2,0.2,.418,.408,.913,10.1,.174,,,
126,Paul Pierce,31,BOS,0.0,21.0,1210,0.017,81,37.5,20.5,5.6,3.6,1.0,0.3,.457,.391,.830,10.3,.164,,,
127,Tony Parker,26,SAS,0.0,9.0,1210,0.007,72,34.1,22.0,3.1,6.9,0.9,0.1,.506,.292,.782,8.6,.168,,,
128,Brandon Roy,24,POR,0.0,7.0,1210,0.006,78,37.2,22.6,4.7,5.1,1.1,0.3,.480,.377,.824,13.5,.223,,,
129,Dirk Nowitzki,30,DAL,0.0,3.0,1210,0.002,81,37.7,25.9,8.4,2.4,0.8,0.8,.479,.359,.890,10.9,.171,,,
130,Kobe Bryant,29,LAL,82.0,1100.0,1260,0.873,82,38.9,28.3,6.3,5.4,1.8,0.5,.459,.361,.840,13.8,.208,,,
131,Chris Paul,22,NOH,28.0,894.0,1260,0.710,80,37.6,21.1,4.0,11.6,2.7,0.1,.488,.369,.851,17.8,.284,,,
132,Kevin Garnett,31,BOS,15.0,670.0,1260,0.532,71,32.8,18.8,9.2,3.4,1.4,1.3,.539,.000,.801,12.9,.265,,,
133,LeBron James,23,CLE,1.0,438.0,1260,0.348,75,40.4,30.0,7.9,7.2,1.8,1.1,.484,.315,.712,15.2,.242,,,
134,Dwight Howard,22,ORL,0.0,60.0,1260,0.048,82,37.7,20.7,14.2,1.3,0.9,2.1,.599,.000,.590,12.9,.200,,,
135,Amar'e Stoudemire,25,PHO,0.0,27.0,1260,0.021,79,33.9,25.2,9.1,1.5,0.8,2.1,.590,.161,.805,14.6,.262,,,
136,Tim Duncan,31,SAS,0.0,25.0,1260,0.020,78,34.0,19.3,11.3,2.8,0.7,1.9,.497,.000,.730,11.1,.201,,,
137,Tracy McGrady,28,HOU,0.0,19.0,1260,0.015,66,37.0,21.6,5.1,5.9,1.0,0.5,.419,.292,.684,5.8,.115,,,
138,Steve Nash,33,PHO,0.0,18.0,1260,0.014,81,34.3,16.9,3.5,11.1,0.7,0.1,.504,.470,.906,10.5,.181,,,
139,Manu Ginóbili,30,SAS,0.0,9.0,1260,0.007,74,31.1,19.5,4.8,4.5,1.5,0.4,.460,.401,.860,11.1,.232,,,
140,Dirk Nowitzki,28,DAL,83.0,1138.0,1290,0.882,78,36.2,24.6,8.9,3.4,0.7,0.8,.502,.416,.904,16.3,.278,,,
141,Steve Nash,32,PHO,44.0,1013.0,1290,0.785,76,35.3,18.6,3.5,11.6,0.8,0.1,.532,.455,.899,12.6,.225,,,
142,Kobe Bryant,28,LAL,2.0,521.0,1290,0.404,77,40.8,31.6,5.7,5.4,1.4,0.5,.463,.344,.868,13.0,.199,,,
143,Tim Duncan,30,SAS,0.0,286.0,1290,0.222,80,34.1,20.0,10.6,3.4,0.8,2.4,.546,.111,.637,13.0,.230,,,
144,LeBron James,22,CLE,0.0,183.0,1290,0.142,78,40.9,27.3,6.7,6.0,1.6,0.7,.476,.319,.698,13.7,.206,,,
145,Tracy McGrady,27,HOU,0.0,110.0,1290,0.085,71,35.8,24.6,5.3,6.5,1.3,0.5,.431,.331,.707,8.6,.163,,,
146,Chris Bosh,22,TOR,0.0,43.0,1290,0.033,69,38.5,22.6,10.7,2.5,0.6,1.3,.496,.343,.785,9.6,.174,,,
147,Gilbert Arenas,25,WAS,0.0,31.0,1290,0.024,74,39.8,28.4,4.6,6.0,1.9,0.2,.418,.351,.844,10.8,.177,,,
148,Carlos Boozer,25,UTA,0.0,7.0,1290,0.005,74,34.6,20.9,11.7,3.0,0.9,0.3,.561,,.685,9.9,.185,,,
149,Kevin Garnett,30,MIN,0.0,7.0,1290,0.005,76,39.4,22.4,12.8,4.1,1.2,1.7,.476,.214,.835,10.7,.171,,,
150,Steve Nash,31,PHO,57.0,924.0,1250,0.739,79,35.4,18.8,4.2,10.5,0.8,0.2,.512,.439,.921,12.4,.212,,,
151,LeBron James,21,CLE,16.0,688.0,1250,0.550,79,42.5,31.4,7.0,6.6,1.6,0.8,.480,.335,.738,16.3,.232,,,
152,Dirk Nowitzki,27,DAL,14.0,544.0,1250,0.435,81,38.1,26.6,9.0,2.8,0.7,1.0,.480,.406,.901,17.7,.275,,,
153,Kobe Bryant,27,LAL,22.0,483.0,1250,0.386,80,41.0,35.4,5.3,4.5,1.8,0.4,.450,.347,.850,15.3,.224,,,
154,Chauncey Billups,29,DET,15.0,430.0,1250,0.344,81,36.1,18.5,3.1,8.6,0.9,0.1,.418,.433,.894,15.5,.254,,,
155,Dwyane Wade,24,MIA,0.0,87.0,1250,0.070,75,38.6,27.2,5.7,6.7,1.9,0.8,.495,.171,.783,14.4,.239,,,
156,Elton Brand,26,LAC,1.0,50.0,1250,0.040,79,39.2,24.7,10.0,2.6,1.0,2.5,.527,.333,.775,14.8,.229,,,
157,Tim Duncan,29,SAS,0.0,33.0,1250,0.026,80,34.8,18.6,11.0,3.2,0.9,2.0,.484,.400,.629,10.8,.187,,,
158,Tony Parker,23,SAS,0.0,9.0,1250,0.007,80,33.9,18.9,3.3,5.8,1.0,0.1,.548,.306,.707,9.6,.169,,,
159,Allen Iverson,30,PHI,0.0,1.0,1250,0.001,72,43.1,33.0,3.2,7.4,1.9,0.1,.447,.323,.814,10.6,.165,,,
160,Steve Nash,30,PHO,65.0,1066.0,1270,0.839,75,34.3,15.5,3.3,11.5,1.0,0.1,.502,.431,.887,10.9,.203,,,
161,Shaquille O'Neal,32,MIA,58.0,1032.0,1270,0.813,73,34.1,22.9,10.4,2.7,0.5,2.3,.601,,.461,11.0,.211,,,
162,Dirk Nowitzki,26,DAL,0.0,349.0,1270,0.275,78,38.7,26.1,9.7,3.1,1.2,1.5,.459,.399,.869,15.6,.248,,,
163,Tim Duncan,28,SAS,1.0,328.0,1270,0.258,66,33.4,20.3,11.1,2.7,0.7,2.6,.496,.333,.670,11.2,.245,,,
164,Allen Iverson,29,PHI,2.0,240.0,1270,0.189,75,42.3,30.7,4.0,7.9,2.4,0.1,.424,.308,.835,9.0,.136,,,
165,LeBron James,20,CLE,0.0,93.0,1270,0.073,80,42.4,27.2,7.4,7.2,2.2,0.7,.472,.351,.750,14.3,.203,,,
166,Tracy McGrady,25,HOU,0.0,44.0,1270,0.035,78,40.8,25.7,6.2,5.7,1.7,0.7,.431,.326,.774,12.0,.180,,,
167,Dwyane Wade,23,MIA,0.0,43.0,1270,0.034,77,38.6,24.1,5.2,6.8,1.6,1.1,.478,.289,.762,11.0,.177,,,
168,Amar'e Stoudemire,22,PHO,1.0,41.0,1270,0.032,80,36.1,26.0,8.9,1.6,1.0,1.6,.559,.188,.733,14.6,.243,,,
169,Ray Allen,29,SEA,0.0,41.0,1270,0.032,78,39.3,23.9,4.4,3.7,1.1,0.1,.428,.376,.883,10.7,.168,,,
170,Kevin Garnett,27,MIN,120.0,1219.0,1230,0.991,82,39.4,24.2,13.9,5.0,1.5,2.2,.499,.256,.791,18.3,.272,,,
171,Tim Duncan,27,SAS,0.0,716.0,1230,0.582,69,36.6,22.3,12.4,3.1,0.9,2.7,.501,.167,.599,13.1,.249,,,
172,Jermaine O'Neal,25,IND,2.0,523.0,1230,0.425,78,35.7,20.1,10.0,2.1,0.8,2.6,.434,.111,.757,9.0,.155,,,
173,Peja Stojaković,26,SAC,1.0,281.0,1230,0.228,81,40.3,24.2,6.3,2.1,1.3,0.2,.480,.433,.927,13.5,.198,,,
174,Kobe Bryant,25,LAL,0.0,212.0,1230,0.172,65,37.6,24.0,5.5,5.1,1.7,0.4,.438,.327,.852,10.7,.210,,,
175,Shaquille O'Neal,31,LAL,0.0,178.0,1230,0.145,67,36.8,21.5,11.5,2.9,0.5,2.5,.584,,.490,9.9,.192,,,
176,Ben Wallace,29,DET,0.0,24.0,1230,0.020,81,37.7,9.5,12.4,1.7,1.8,3.0,.421,.125,.490,10.2,.160,,,
177,Jason Kidd,30,NJN,0.0,17.0,1230,0.014,67,36.6,15.5,6.4,9.2,1.8,0.2,.384,.321,.827,7.2,.141,,,
178,LeBron James,19,CLE,0.0,11.0,1230,0.009,79,39.5,20.9,5.5,5.9,1.6,0.7,.417,.290,.754,5.1,.078,,,
179,Sam Cassell,34,MIN,0.0,4.0,1230,0.003,81,35.0,19.8,3.3,7.3,1.3,0.2,.488,.398,.873,12.1,.205,,,
180,Tim Duncan,26,SAS,60.0,962.0,1190,0.808,81,39.3,23.3,12.9,3.9,0.7,2.9,.513,.273,.710,16.5,.248,,,
181,Kevin Garnett,26,MIN,43.0,871.0,1190,0.732,82,40.5,23.0,13.4,6.0,1.4,1.6,.502,.282,.751,15.6,.225,,,
182,Kobe Bryant,24,LAL,8.0,496.0,1190,0.417,82,41.5,30.0,6.9,5.9,2.2,0.8,.451,.383,.843,14.9,.210,,,
183,Tracy McGrady,23,ORL,4.0,427.0,1190,0.359,75,39.4,32.1,6.5,5.5,1.7,0.8,.457,.386,.793,16.1,.262,,,
184,Shaquille O'Neal,30,LAL,3.0,126.0,1190,0.106,67,37.8,27.5,11.1,3.1,0.6,2.4,.574,,.622,13.2,.250,,,
185,Allen Iverson,27,PHI,0.0,83.0,1190,0.070,82,42.5,27.6,4.2,5.5,2.7,0.2,.414,.277,.774,9.2,.127,,,
186,Dirk Nowitzki,24,DAL,0.0,43.0,1190,0.036,80,39.0,25.1,9.9,3.0,1.4,1.0,.463,.379,.881,16.1,.249,,,
187,Ben Wallace,28,DET,1.0,33.0,1190,0.028,73,39.4,6.9,15.4,1.6,1.4,3.2,.481,.167,.450,10.6,.176,,,
188,Jason Kidd,29,NJN,0.0,31.0,1190,0.026,80,37.4,18.7,6.3,8.9,2.2,0.3,.414,.341,.841,11.3,.182,,,
189,Chris Webber,29,SAC,0.0,19.0,1190,0.016,67,39.1,23.0,10.5,5.4,1.6,1.3,.461,.238,.607,6.9,.127,,,
190,Tim Duncan,25,SAS,57.0,954.0,1260,0.757,82,40.6,25.5,12.7,3.7,0.7,2.5,.508,.100,.799,17.8,.257,,,
191,Jason Kidd,28,NJN,45.0,897.0,1260,0.712,82,37.3,14.7,7.3,9.9,2.1,0.2,.391,.321,.814,8.9,.140,,,
192,Shaquille O'Neal,29,LAL,15.0,696.0,1260,0.552,67,36.1,27.2,10.7,3.0,0.6,2.0,.579,.000,.555,13.2,.262,,,
193,Tracy McGrady,22,ORL,7.0,390.0,1260,0.310,76,38.3,25.6,7.9,5.3,1.6,1.0,.451,.364,.748,11.5,.189,,,
194,Kobe Bryant,23,LAL,1.0,98.0,1260,0.078,80,38.3,25.2,5.5,5.5,1.5,0.4,.469,.250,.829,12.7,.199,,,
195,Gary Payton,33,SEA,1.0,54.0,1260,0.043,82,40.3,22.1,4.8,9.0,1.6,0.3,.467,.314,.797,12.6,.183,,,
196,Chris Webber,28,SAC,0.0,37.0,1260,0.029,54,38.4,24.5,10.1,4.8,1.7,1.4,.495,.263,.749,8.6,.200,,,
197,Dirk Nowitzki,23,DAL,0.0,31.0,1260,0.025,76,38.0,23.4,9.9,2.4,1.1,1.0,.477,.397,.853,13.4,.222,,,
198,Allen Iverson,26,PHI,0.0,29.0,1260,0.023,60,43.7,31.4,4.5,5.5,2.8,0.2,.398,.291,.812,6.9,.126,,,
199,Ben Wallace,27,DET,0.0,24.0,1260,0.019,80,36.5,7.6,13.0,1.4,1.7,3.5,.531,.000,.423,11.6,.190,,,
200,Allen Iverson,25,PHI,93.0,1121.0,1240,0.904,71,42.0,31.1,3.8,4.6,2.5,0.3,.420,.320,.814,11.8,.190,,,
201,Tim Duncan,24,SAS,18.0,706.0,1240,0.569,82,38.7,22.2,12.2,3.0,0.9,2.3,.499,.259,.618,13.2,.200,,,
202,Shaquille O'Neal,28,LAL,7.0,578.0,1240,0.466,74,39.5,28.7,12.7,3.7,0.6,2.8,.572,.000,.513,14.9,.245,,,
203,Chris Webber,27,SAC,5.0,521.0,1240,0.420,70,40.5,27.1,11.1,4.2,1.3,1.7,.481,.071,.703,11.0,.186,,,
204,Kevin Garnett,24,MIN,1.0,151.0,1240,0.122,81,39.5,22.0,11.4,5.0,1.4,1.8,.477,.288,.764,11.8,.176,,,
205,Tracy McGrady,21,ORL,0.0,64.0,1240,0.052,77,40.1,26.8,7.5,4.6,1.5,1.5,.457,.355,.733,12.2,.189,,,
206,Karl Malone,37,UTA,0.0,21.0,1240,0.017,81,35.7,23.2,8.3,4.5,1.1,0.8,.498,.400,.793,13.1,.217,,,
207,Jason Kidd,27,PHO,0.0,18.0,1240,0.015,77,39.8,16.9,6.4,9.8,2.2,0.3,.411,.297,.814,9.6,.150,,,
208,Kobe Bryant,22,LAL,0.0,11.0,1240,0.009,68,40.9,28.5,5.9,5.0,1.7,0.6,.464,.305,.853,11.3,.196,,,
209,David Robinson,35,SAS,0.0,8.0,1240,0.006,80,29.6,14.4,8.6,1.5,1.0,2.5,.486,.000,.747,12.1,.246,,,
210,Shaquille O'Neal,27,LAL,120.0,1207.0,1210,0.998,79,40.0,29.7,13.6,3.8,0.5,3.0,.574,.000,.524,18.6,.283,,,
211,Kevin Garnett,23,MIN,0.0,408.0,1210,0.337,81,40.0,22.9,11.8,5.0,1.5,1.6,.497,.370,.765,11.6,.172,,,
212,Alonzo Mourning,29,MIA,0.0,367.0,1210,0.303,79,34.8,21.7,9.5,1.6,0.5,3.7,.551,.000,.711,12.9,.226,,,
213,Karl Malone,36,UTA,0.0,312.0,1210,0.258,82,35.9,25.5,9.5,3.7,1.0,0.9,.509,.250,.797,15.3,.249,,,
214,Tim Duncan,23,SAS,0.0,248.0,1210,0.205,74,38.9,23.2,12.4,3.2,0.9,2.2,.490,.091,.761,13.0,.218,,,
215,Gary Payton,31,SEA,0.0,180.0,1210,0.149,82,41.8,24.2,6.5,8.9,1.9,0.2,.448,.340,.735,13.9,.195,,,
216,Allen Iverson,24,PHI,1.0,132.0,1210,0.109,70,40.8,28.4,3.8,4.7,2.1,0.1,.421,.341,.713,6.9,.116,,,
217,Grant Hill,27,DET,0.0,113.0,1210,0.093,74,37.5,25.8,6.6,5.2,1.4,0.6,.489,.347,.795,10.7,.185,,,
218,Chris Webber,26,SAC,0.0,96.0,1210,0.079,75,38.4,24.5,10.5,4.6,1.6,1.7,.483,.284,.751,10.7,.179,,,
219,Vince Carter,23,TOR,0.0,51.0,1210,0.042,82,38.1,25.7,5.8,3.9,1.3,1.1,.465,.403,.791,11.8,.182,,,
220,Karl Malone,35,UTA,44.0,827.0,1180,0.701,49,37.4,23.8,9.4,4.1,1.3,0.6,.493,.000,.788,9.6,.252,,,
221,Alonzo Mourning,28,MIA,36.0,773.0,1180,0.655,46,38.1,20.1,11.0,1.6,0.7,3.9,.511,.000,.652,7.9,.216,,,
222,Tim Duncan,22,SAS,30.0,740.0,1180,0.627,50,39.3,21.7,11.4,2.4,0.9,2.5,.495,.143,.690,8.7,.213,,,
223,Allen Iverson,23,PHI,5.0,319.0,1180,0.270,48,41.5,26.8,4.9,4.6,2.3,0.1,.412,.291,.751,7.2,.173,,,
224,Jason Kidd,25,PHO,2.0,159.0,1180,0.135,50,41.2,16.9,6.8,10.8,2.3,0.4,.444,.366,.757,8.1,.188,,,
225,Shaquille O'Neal,26,LAL,1.0,89.0,1180,0.075,49,34.8,26.3,10.7,2.3,0.7,1.7,.576,.000,.540,9.0,.255,,,
226,Chris Webber,25,SAC,0.0,51.0,1180,0.043,42,40.9,20.0,13.0,4.1,1.4,2.1,.486,.118,.454,3.6,.102,,,
227,Grant Hill,26,DET,0.0,39.0,1180,0.033,50,37.0,21.1,7.1,6.0,1.6,0.5,.479,.000,.752,7.3,.189,,,
228,Gary Payton,30,SEA,0.0,35.0,1180,0.030,50,40.2,21.7,4.9,8.7,2.2,0.2,.434,.295,.721,7.2,.172,,,
229,Kevin Garnett,22,MIN,0.0,9.0,1180,0.008,47,37.9,20.8,10.4,4.3,1.7,1.8,.460,.286,.704,5.4,.146,,,
230,Michael Jordan,34,CHI,92.0,1084.0,1160,0.934,82,38.8,28.7,5.8,3.5,1.7,0.5,.465,.238,.784,15.8,.238,,,
231,Karl Malone,34,UTA,20.0,842.0,1160,0.726,81,37.4,27.0,10.3,3.9,1.2,0.9,.530,.333,.761,16.4,.259,,,
232,Gary Payton,29,SEA,3.0,431.0,1160,0.372,82,38.4,19.2,4.6,8.3,2.3,0.2,.453,.338,.744,12.5,.190,,,
233,Shaquille O'Neal,25,LAL,1.0,311.0,1160,0.268,60,36.3,28.3,11.4,2.4,0.7,2.4,.584,,.527,10.2,.224,,,
234,Tim Duncan,21,SAS,0.0,148.0,1160,0.128,82,39.1,21.1,11.9,2.7,0.7,2.5,.549,.000,.662,12.8,.192,,,
235,Tim Hardaway,31,MIA,0.0,71.0,1160,0.061,81,37.4,18.9,3.7,8.3,1.7,0.2,.431,.351,.781,11.7,.185,,,
236,David Robinson,32,SAS,0.0,36.0,1160,0.031,73,33.7,21.6,10.6,2.7,0.9,2.6,.511,.250,.735,13.8,.269,,,
237,Vin Baker,26,SEA,0.0,24.0,1160,0.021,82,35.9,19.2,8.0,1.9,1.1,1.0,.542,.143,.591,10.4,.169,,,
238,Grant Hill,25,DET,0.0,23.0,1160,0.020,81,40.7,21.1,7.7,6.8,1.8,0.7,.452,.143,.740,10.2,.149,,,
239,Scottie Pippen,32,CHI,0.0,14.0,1160,0.012,44,37.5,19.1,5.2,5.8,1.8,1.0,.447,.318,.777,6.6,.193,,,
240,Karl Malone,33,UTA,63.0,986.0,1150,0.857,82,36.6,27.4,9.9,4.5,1.4,0.6,.550,.000,.755,16.7,.268,,,
241,Michael Jordan,33,CHI,52.0,957.0,1150,0.832,82,37.9,29.6,5.9,4.3,1.7,0.5,.486,.374,.833,18.3,.283,,,
242,Grant Hill,24,DET,0.0,376.0,1150,0.327,80,39.3,21.4,9.0,7.3,1.8,0.6,.496,.303,.711,14.6,.223,,,
243,Tim Hardaway,30,MIA,0.0,238.0,1150,0.207,81,38.7,20.3,3.4,8.6,1.9,0.1,.415,.344,.799,12.9,.198,,,
244,Glen Rice,29,CHH,0.0,134.0,1150,0.117,79,42.6,26.8,4.0,2.0,0.9,0.3,.477,.470,.867,10.8,.154,,,
245,Gary Payton,28,SEA,0.0,105.0,1150,0.091,82,39.2,21.8,4.6,7.1,2.4,0.2,.476,.313,.715,12.9,.193,,,
246,Hakeem Olajuwon,34,HOU,0.0,95.0,1150,0.083,78,36.6,23.2,9.2,3.0,1.5,2.2,.510,.313,.787,9.1,.154,,,
247,Patrick Ewing,34,NYK,0.0,57.0,1150,0.050,78,37.0,22.4,10.7,2.0,0.9,2.4,.488,.222,.754,9.8,.163,,,
248,Anthony Mason,30,CHH,0.0,7.0,1150,0.006,73,43.1,16.2,11.4,5.7,1.0,0.5,.525,.333,.745,11.4,.173,,,
249,Shaquille O'Neal,24,LAL,0.0,7.0,1150,0.006,51,38.1,26.2,12.5,3.1,0.9,2.9,.557,.000,.484,8.0,.197,,,
250,Michael Jordan,32,CHI,109.0,1114.0,1130,0.986,82,37.7,30.4,6.6,4.3,2.2,0.5,.495,.427,.834,20.4,.317,,,
251,David Robinson,30,SAS,0.0,574.0,1130,0.508,82,36.8,25.0,12.2,3.0,1.4,3.3,.516,.333,.761,18.3,.290,,,
252,Anfernee Hardaway,24,ORL,2.0,360.0,1130,0.319,82,36.8,21.7,4.3,7.1,2.0,0.5,.513,.314,.767,14.4,.229,,,
253,Hakeem Olajuwon,33,HOU,1.0,238.0,1130,0.211,72,38.8,26.9,10.9,3.6,1.6,2.9,.514,.214,.724,9.7,.166,,,
254,Scottie Pippen,30,CHI,0.0,226.0,1130,0.200,77,36.7,19.4,6.4,5.9,1.7,0.7,.463,.374,.679,12.3,.209,,,
255,Gary Payton,27,SEA,0.0,98.0,1130,0.087,81,39.0,19.3,4.2,7.5,2.9,0.2,.484,.328,.748,11.5,.174,,,
256,Karl Malone,32,UTA,1.0,85.0,1130,0.075,82,38.0,25.7,9.8,4.2,1.7,0.7,.519,.400,.723,15.1,.233,,,
257,Shawn Kemp,26,SEA,0.0,73.0,1130,0.065,79,33.3,19.6,11.4,2.2,1.2,1.6,.561,.417,.742,11.2,.205,,,
258,Grant Hill,23,DET,0.0,63.0,1130,0.056,80,40.8,20.2,9.8,6.9,1.3,0.6,.462,.192,.751,11.7,.172,,,
259,Shaquille O'Neal,23,ORL,0.0,63.0,1130,0.056,54,36.0,26.6,11.0,2.9,0.6,2.1,.573,.500,.487,6.9,.171,,,
260,David Robinson,29,SAS,73.0,901.0,1050,0.858,81,38.0,27.6,10.8,2.9,1.7,3.2,.530,.300,.774,17.5,.273,,,
261,Shaquille O'Neal,22,ORL,12.0,605.0,1050,0.576,79,37.0,29.3,11.4,2.7,0.9,2.4,.583,.000,.533,14.0,.230,,,
262,Karl Malone,31,UTA,14.0,532.0,1050,0.507,82,38.1,26.7,10.6,3.5,1.6,1.0,.536,.268,.742,13.8,.212,,,
263,Patrick Ewing,32,NYK,2.0,230.0,1050,0.219,79,37.0,23.9,11.0,2.7,0.9,2.0,.503,.286,.750,9.6,.157,,,
264,Hakeem Olajuwon,32,HOU,1.0,147.0,1050,0.140,72,39.6,27.8,10.8,3.5,1.8,3.4,.517,.188,.756,10.7,.181,,,
265,Charles Barkley,31,PHO,1.0,96.0,1050,0.091,68,35.0,23.0,11.1,4.1,1.6,0.7,.486,.338,.748,10.6,.214,,,
266,Scottie Pippen,29,CHI,1.0,83.0,1050,0.079,79,38.2,21.4,8.1,5.2,2.9,1.1,.480,.345,.716,11.8,.188,,,
267,John Stockton,32,UTA,1.0,47.0,1050,0.045,82,35.0,14.7,3.1,12.3,2.4,0.3,.542,.449,.804,13.9,.233,,,
268,Gary Payton,26,SEA,0.0,34.0,1050,0.032,82,36.8,20.6,3.4,7.1,2.5,0.2,.509,.302,.716,11.7,.187,,,
269,Anfernee Hardaway,23,ORL,0.0,23.0,1050,0.022,77,37.7,20.9,4.4,7.2,1.7,0.3,.512,.349,.769,10.7,.177,,,
270,Hakeem Olajuwon,31,HOU,66.0,889.0,1010,0.880,80,41.0,27.3,11.9,3.6,1.6,3.7,.528,.421,.716,14.3,.210,,,
271,David Robinson,28,SAS,24.0,730.0,1010,0.723,80,40.5,29.8,10.7,4.8,1.7,3.3,.507,.345,.749,20.0,.296,,,
272,Scottie Pippen,28,CHI,7.0,390.0,1010,0.386,72,38.3,22.0,8.7,5.6,2.9,0.8,.491,.320,.660,11.2,.194,,,
273,Shaquille O'Neal,21,ORL,3.0,289.0,1010,0.286,81,39.8,29.3,13.2,2.4,0.9,2.9,.599,.000,.554,16.9,.252,,,
274,Patrick Ewing,31,NYK,1.0,255.0,1010,0.252,79,37.6,24.5,11.2,2.3,1.1,2.7,.496,.286,.765,13.1,.211,,,
275,Gary Payton,25,SEA,0.0,20.0,1010,0.020,82,35.1,16.5,3.3,6.0,2.3,0.2,.504,.278,.595,9.3,.155,,,
276,Shawn Kemp,24,SEA,0.0,17.0,1010,0.017,79,32.9,18.1,10.8,2.6,1.8,2.1,.538,.250,.741,11.7,.216,,,
277,Karl Malone,30,UTA,0.0,17.0,1010,0.017,82,40.6,25.2,11.5,4.0,1.5,1.5,.497,.250,.694,13.4,.193,,,
278,Mark Price,29,CLE,0.0,7.0,1010,0.007,76,31.4,17.3,3.0,7.8,1.4,0.1,.478,.397,.888,10.0,.201,,,
279,Charles Barkley,30,PHO,0.0,5.0,1010,0.005,65,35.4,21.6,11.2,4.6,1.6,0.6,.495,.270,.704,8.8,.185,,,
280,Charles Barkley,29,PHO,59.0,835.0,980,0.852,76,37.6,25.6,12.2,5.1,1.6,1.0,.520,.305,.765,14.4,.242,,,
281,Hakeem Olajuwon,30,HOU,22.0,647.0,980,0.660,82,39.5,26.1,13.0,3.5,1.8,4.2,.529,.000,.779,15.8,.234,,,
282,Michael Jordan,29,CHI,13.0,565.0,980,0.577,78,39.3,32.6,6.7,5.5,2.8,0.8,.495,.352,.837,17.2,.270,,,
283,Patrick Ewing,30,NYK,4.0,359.0,980,0.366,81,37.1,24.2,12.1,1.9,0.9,2.0,.503,.143,.719,10.6,.170,,,
284,Dominique Wilkins,33,ATL,0.0,54.0,980,0.055,71,37.3,29.9,6.8,3.2,1.0,0.4,.468,.380,.828,10.5,.191,,,
285,David Robinson,27,SAS,0.0,33.0,980,0.034,82,39.2,23.4,11.7,3.7,1.5,3.2,.501,.176,.732,13.2,.197,,,
286,Shaquille O'Neal,20,ORL,0.0,30.0,980,0.031,81,37.9,23.4,13.9,1.9,0.7,3.5,.562,.000,.592,10.4,.163,,,
287,Karl Malone,29,UTA,0.0,10.0,980,0.010,82,37.8,27.0,11.2,3.8,1.5,1.0,.552,.200,.740,15.4,.238,,,
288,Mark Price,28,CLE,0.0,10.0,980,0.010,75,31.7,18.2,2.7,8.0,1.2,0.1,.484,.416,.948,9.8,.197,,,
289,Brad Daugherty,27,CLE,0.0,1.0,980,0.001,71,37.9,20.2,10.2,4.4,0.7,0.8,.571,.500,.795,12.7,.226,,,
290,Michael Jordan,28,CHI,80.0,900.0,960,0.938,80,38.8,30.1,6.4,6.1,2.3,0.9,.519,.270,.832,17.7,.274,,,
291,Clyde Drexler,29,POR,12.0,561.0,960,0.584,76,36.2,25.0,6.6,6.7,1.8,0.9,.470,.337,.794,12.8,.223,,,
292,David Robinson,26,SAS,2.0,337.0,960,0.351,68,37.7,23.2,12.2,2.7,2.3,4.5,.551,.125,.701,13.9,.260,,,
293,Karl Malone,28,UTA,1.0,262.0,960,0.273,81,37.7,28.0,11.2,3.0,1.3,0.6,.526,.176,.778,15.1,.237,,,
294,Patrick Ewing,29,NYK,0.0,100.0,960,0.104,82,38.4,24.0,11.2,1.9,1.1,3.0,.522,.167,.738,13.0,.198,,,
295,Chris Mullin,28,GSW,0.0,81.0,960,0.084,81,41.3,25.6,5.6,3.5,2.1,0.8,.524,.366,.833,10.8,.155,,,
296,Mark Price,27,CLE,0.0,66.0,960,0.069,72,29.7,17.3,2.4,7.4,1.3,0.2,.488,.387,.947,9.1,.205,,,
297,Tim Hardaway,25,GSW,0.0,64.0,960,0.067,81,41.1,23.4,3.8,10.0,2.0,0.2,.461,.338,.766,9.2,.132,,,
298,Scottie Pippen,26,CHI,1.0,32.0,960,0.033,82,38.6,21.0,7.7,7.0,1.9,1.1,.506,.200,.760,12.7,.192,,,
299,Dennis Rodman,30,DET,0.0,26.0,960,0.027,82,40.3,9.8,18.7,2.3,0.8,0.9,.539,.317,.600,12.6,.183,,,
300,Michael Jordan,27,CHI,77.0,891.0,960,0.928,82,37.0,31.5,6.0,5.5,2.7,1.0,.539,.312,.851,20.3,.321,,,
301,Magic Johnson,31,LAL,10.0,497.0,960,0.518,79,37.1,19.4,7.0,12.5,1.3,0.2,.477,.320,.906,15.4,.251,,,
302,David Robinson,25,SAS,6.0,476.0,960,0.496,82,37.7,25.6,13.0,2.5,1.5,3.9,.552,.143,.762,17.0,.264,,,
303,Charles Barkley,27,PHI,2.0,222.0,960,0.231,67,37.3,27.6,10.1,4.2,1.6,0.5,.570,.284,.722,13.4,.258,,,
304,Karl Malone,27,UTA,0.0,142.0,960,0.148,82,40.3,29.0,11.8,3.3,1.1,1.0,.527,.286,.770,15.5,.225,,,
305,Clyde Drexler,28,POR,1.0,75.0,960,0.078,82,34.8,21.5,6.7,6.0,1.8,0.7,.482,.319,.794,12.4,.209,,,
306,Kevin Johnson,24,PHO,0.0,32.0,960,0.033,77,36.0,22.2,3.5,10.1,2.1,0.1,.516,.205,.843,12.7,.220,,,
307,Dominique Wilkins,31,ATL,0.0,29.0,960,0.030,81,38.0,25.9,9.0,3.3,1.5,0.8,.470,.341,.829,11.4,.177,,,
308,Larry Bird,34,BOS,0.0,25.0,960,0.026,60,38.0,19.4,8.5,7.2,1.8,1.0,.454,.389,.891,6.6,.140,,,
309,Terry Porter,27,POR,0.0,25.0,960,0.026,81,32.9,17.0,3.5,8.0,2.0,0.1,.515,.415,.823,13.0,.235,,,
310,Magic Johnson,30,LAL,27.0,636.0,920,0.691,79,37.2,22.3,6.6,11.5,1.7,0.4,.480,.384,.890,16.5,.270,,,
311,Charles Barkley,26,PHI,38.0,614.0,920,0.667,79,39.1,25.2,11.5,3.9,1.9,0.6,.600,.217,.749,17.3,.269,,,
312,Michael Jordan,26,CHI,21.0,564.0,920,0.613,82,39.0,33.6,6.9,6.3,2.8,0.7,.526,.376,.848,19.0,.285,,,
313,Karl Malone,26,UTA,2.0,214.0,920,0.233,82,38.1,31.0,11.1,2.8,1.5,0.6,.562,.372,.762,15.9,.245,,,
314,Patrick Ewing,27,NYK,1.0,162.0,920,0.176,82,38.6,28.6,10.9,2.2,1.0,4.0,.551,.250,.775,13.5,.205,,,
315,David Robinson,24,SAS,2.0,102.0,920,0.111,82,36.6,24.3,12.0,2.0,1.7,3.9,.531,.000,.732,15.1,.241,,,
316,Hakeem Olajuwon,27,HOU,1.0,64.0,920,0.070,82,38.1,24.3,14.0,2.9,2.1,4.6,.501,.167,.713,11.2,.173,,,
317,Tom Chambers,30,PHO,0.0,12.0,920,0.013,81,37.6,27.2,7.0,2.3,1.1,0.6,.501,.279,.861,11.2,.176,,,
318,John Stockton,27,UTA,0.0,9.0,920,0.010,78,37.4,17.2,2.6,14.5,2.7,0.2,.514,.416,.819,14.4,.238,,,
319,Larry Bird,33,BOS,0.0,5.0,920,0.005,75,39.3,24.3,9.5,7.5,1.4,0.8,.473,.333,.930,9.5,.154,,,
320,Magic Johnson,29,LAL,42.5,664.5,850,0.782,77,37.5,22.5,7.9,12.8,1.8,0.3,.509,.314,.911,16.1,.267,,,
321,Michael Jordan,25,CHI,27.5,598.8,850,0.704,81,40.2,32.5,8.0,8.0,2.9,0.8,.538,.276,.850,19.8,.292,,,
322,Karl Malone,25,UTA,5.0,362.0,850,0.426,80,39.1,29.1,10.7,2.7,1.8,0.9,.519,.313,.766,15.2,.233,,,
323,Patrick Ewing,26,NYK,8.0,200.0,850,0.235,80,36.2,22.7,9.3,2.4,1.5,3.5,.567,.000,.746,10.9,.181,,,
324,Hakeem Olajuwon,26,HOU,2.0,179.3,850,0.211,82,36.9,24.8,13.5,1.8,2.6,3.4,.508,.000,.696,12.4,.197,,,
325,Charles Barkley,25,PHI,0.0,94.3,850,0.111,79,39.1,25.8,12.5,4.1,1.6,0.8,.579,.216,.753,16.1,.250,,,
326,John Stockton,26,UTA,0.0,28.0,850,0.033,82,38.7,17.1,3.0,13.6,3.2,0.2,.538,.242,.863,15.6,.236,,,
327,Kevin Johnson,22,PHO,0.0,22.0,850,0.026,81,39.2,20.4,4.2,12.2,1.7,0.3,.505,.091,.882,12.2,.184,,,
328,Tom Chambers,29,PHO,0.0,20.0,850,0.024,81,37.1,25.7,8.4,2.9,1.1,0.7,.471,.326,.851,9.2,.146,,,
329,Mark Price,24,CLE,0.0,18.0,850,0.021,75,36.4,18.9,3.0,8.4,1.5,0.1,.526,.441,.901,11.3,.199,,,
330,Michael Jordan,24,CHI,47.0,665.0,800,0.831,82,40.4,35.0,5.5,5.9,3.2,1.6,.535,.132,.841,21.2,.308,,,
331,Larry Bird,31,BOS,16.0,527.0,800,0.659,76,39.0,29.9,9.3,6.1,1.6,0.8,.527,.414,.916,15.0,.243,,,
332,Magic Johnson,28,LAL,16.0,508.0,800,0.635,72,36.6,19.6,6.2,11.9,1.6,0.2,.492,.196,.853,10.9,.199,,,
333,Charles Barkley,24,PHI,1.0,109.0,800,0.136,80,39.6,28.3,11.9,3.2,1.3,1.3,.587,.280,.751,16.7,.253,,,
334,Clyde Drexler,25,POR,0.0,86.0,800,0.108,81,37.8,27.0,6.6,5.8,2.5,0.6,.506,.212,.811,13.2,.207,,,
335,Dominique Wilkins,28,ATL,0.0,55.0,800,0.069,78,37.8,30.7,6.4,2.9,1.3,0.6,.464,.295,.826,9.8,.160,,,
336,Hakeem Olajuwon,25,HOU,0.0,40.0,800,0.050,79,35.8,22.8,12.1,2.1,2.1,2.7,.514,.000,.695,10.7,.182,,,
337,Karl Malone,24,UTA,0.0,36.0,800,0.045,82,39.0,27.7,12.0,2.4,1.4,0.6,.520,.000,.700,10.1,.152,,,
338,Fat Lever,27,DEN,0.0,26.0,800,0.033,82,37.3,18.9,8.1,7.8,2.7,0.3,.473,.211,.785,10.4,.163,,,
339,John Stockton,25,UTA,0.0,15.0,800,0.019,82,34.7,14.7,2.9,13.8,3.0,0.2,.574,.358,.840,14.1,.238,,,
340,Magic Johnson,27,LAL,65.0,733.0,780,0.940,80,36.3,23.9,6.3,12.2,1.7,0.5,.522,.205,.848,15.9,.263,,,
341,Michael Jordan,23,CHI,10.0,449.0,780,0.576,82,40.0,37.1,5.2,4.6,2.9,1.5,.482,.182,.857,16.9,.247,,,
342,Larry Bird,30,BOS,1.0,271.0,780,0.347,74,40.6,28.1,9.2,7.6,1.8,0.9,.525,.400,.910,15.2,.243,,,
343,Kevin McHale,29,BOS,0.0,254.0,780,0.326,77,39.7,26.1,9.9,2.6,0.5,2.2,.604,.000,.836,14.8,.232,,,
344,Dominique Wilkins,27,ATL,0.0,128.0,780,0.164,79,37.6,29.0,6.3,3.3,1.5,0.6,.463,.292,.818,12.2,.197,,,
345,Charles Barkley,23,PHI,1.0,113.0,780,0.145,68,40.3,23.0,14.6,4.9,1.8,1.5,.594,.202,.761,12.0,.210,,,
346,Hakeem Olajuwon,24,HOU,1.0,28.0,780,0.036,75,36.8,23.4,11.4,2.9,1.9,3.4,.508,.200,.702,10.9,.189,,,
347,Isiah Thomas,25,DET,0.0,17.0,780,0.022,81,37.2,20.6,3.9,10.0,1.9,0.2,.463,.194,.768,7.6,.121,,,
348,Fat Lever,26,DEN,0.0,11.0,780,0.014,82,37.2,18.9,8.9,8.0,2.5,0.4,.469,.239,.782,9.7,.153,,,
349,Moses Malone,31,WSB,0.0,9.0,780,0.012,73,34.1,24.1,11.3,1.6,0.8,1.3,.454,.000,.824,9.4,.182,,,
350,Larry Bird,29,BOS,73.0,765.0,780,0.981,82,38.0,25.8,9.8,6.8,2.0,0.6,.496,.423,.896,15.8,.244,,,
351,Dominique Wilkins,26,ATL,5.0,407.0,780,0.522,78,39.1,30.3,7.9,2.6,1.8,0.6,.468,.186,.818,10.8,.170,,,
352,Magic Johnson,26,LAL,0.0,205.0,780,0.263,72,35.8,18.8,5.9,12.6,1.6,0.2,.526,.233,.871,12.1,.226,,,
353,Hakeem Olajuwon,23,HOU,0.0,193.0,780,0.247,68,36.3,23.5,11.5,2.0,2.0,3.4,.526,,.645,9.5,.186,,,
354,Kareem Abdul-Jabbar,38,LAL,0.0,135.0,780,0.173,79,33.3,23.4,6.1,3.5,0.8,1.6,.564,.000,.765,10.8,.197,,,
355,Charles Barkley,22,PHI,0.0,133.0,780,0.171,80,36.9,20.0,12.8,3.9,2.2,1.6,.572,.227,.685,10.8,.176,,,
356,Sidney Moncrief,28,MIL,0.0,56.0,780,0.072,73,35.2,20.2,4.6,4.9,1.4,0.2,.489,.320,.859,11.7,.219,,,
357,Alex English,32,DEN,0.0,55.0,780,0.071,81,37.3,29.8,5.0,4.0,0.9,0.4,.504,.200,.862,9.8,.156,,,
358,Isiah Thomas,24,DET,0.0,28.0,780,0.036,77,36.2,20.9,3.6,10.8,2.2,0.3,.488,.310,.790,8.8,.151,,,
359,Moses Malone,30,PHI,0.0,21.0,780,0.027,74,36.6,23.8,11.8,1.2,0.9,1.0,.458,.000,.787,8.9,.157,,,
360,Larry Bird,28,BOS,73.0,763.0,780,0.978,80,39.5,28.7,10.5,6.6,1.6,1.2,.522,.427,.882,15.7,.238,,,
361,Magic Johnson,25,LAL,1.0,264.0,780,0.338,77,36.1,18.3,6.2,12.6,1.5,0.3,.561,.189,.843,12.7,.220,,,
362,Moses Malone,29,PHI,0.0,218.0,780,0.279,79,37.4,24.6,13.1,1.6,0.8,1.6,.469,.000,.815,11.9,.193,,,
363,Kareem Abdul-Jabbar,37,LAL,0.0,206.0,780,0.264,79,33.3,22.0,7.9,3.2,0.8,2.1,.599,.000,.732,11.2,.204,,,
364,Terry Cummings,23,MIL,2.0,138.0,780,0.177,79,34.5,23.6,9.1,2.9,1.5,0.8,.495,.000,.741,10.7,.189,,,
365,Michael Jordan,21,CHI,2.0,134.0,780,0.172,82,38.3,28.2,6.5,5.9,2.4,0.8,.515,.173,.845,14.0,.213,,,
366,Bernard King,28,NYK,0.0,70.0,780,0.090,55,37.5,32.9,5.8,3.7,1.3,0.3,.530,.100,.772,7.1,.166,,,
367,Sidney Moncrief,27,MIL,0.0,65.0,780,0.083,73,37.5,21.7,5.4,5.2,1.6,0.5,.483,.273,.828,11.2,.197,,,
368,Isiah Thomas,23,DET,0.0,63.0,780,0.081,81,38.1,21.2,4.5,13.9,2.3,0.3,.458,.257,.809,11.2,.173,,,
369,Ralph Sampson,24,HOU,0.0,26.0,780,0.033,82,37.6,22.1,10.4,2.7,1.0,2.0,.502,.000,.676,6.2,.096,,,
370,Larry Bird,27,BOS,52.0,652.0,760,0.858,79,38.3,24.2,10.1,6.6,1.8,0.9,.492,.247,.888,13.6,.215,,,
371,Bernard King,27,NYK,11.0,373.0,760,0.491,77,34.6,26.3,5.1,2.1,1.0,0.2,.572,.000,.779,12.1,.218,,,
372,Magic Johnson,24,LAL,5.0,305.0,760,0.401,67,38.3,17.6,7.3,13.1,2.2,0.7,.565,.207,.810,10.2,.191,,,
373,Kareem Abdul-Jabbar,36,LAL,3.0,153.0,760,0.201,80,32.8,21.5,7.3,2.6,0.7,1.8,.578,.000,.723,8.9,.163,,,
374,Isiah Thomas,22,DET,1.0,115.0,760,0.151,82,36.7,21.3,4.0,11.1,2.5,0.4,.462,.338,.733,9.1,.144,,,
375,Julius Erving,33,PHI,1.0,98.0,760,0.129,77,34.8,22.4,6.9,4.0,1.8,1.8,.512,.333,.754,10.1,.180,,,
376,Adrian Dantley,28,UTA,1.0,88.0,760,0.116,79,37.8,30.6,5.7,3.9,0.8,0.1,.558,.250,.859,14.6,.235,,,
377,Sidney Moncrief,26,MIL,1.0,70.0,760,0.092,79,38.9,20.9,6.7,4.5,1.4,0.3,.498,.278,.848,12.7,.198,,,
378,Jeff Ruland,25,WSB,1.0,38.0,760,0.050,75,41.1,22.2,12.3,3.9,0.9,1.0,.579,.143,.733,9.3,.144,,,
379,Moses Malone,28,PHI,0.0,35.0,760,0.046,71,36.8,22.7,13.4,1.4,1.0,1.5,.483,.000,.750,9.5,.175,,,
380,Moses Malone,27,PHI,69.0,720.0,750,0.960,78,37.5,24.5,15.3,1.3,1.1,2.0,.501,.000,.761,15.1,.248,,,
381,Larry Bird,26,BOS,1.0,364.0,750,0.485,79,37.7,23.6,11.0,5.8,1.9,0.9,.504,.286,.840,14.0,.225,,,
382,Magic Johnson,23,LAL,2.0,304.5,750,0.406,79,36.8,16.8,8.6,10.5,2.2,0.6,.548,.000,.800,12.5,.207,,,
383,Sidney Moncrief,25,MIL,0.0,226.0,750,0.301,76,35.7,22.5,5.8,3.9,1.5,0.3,.524,.100,.826,13.2,.233,,,
384,Julius Erving,32,PHI,3.0,112.0,750,0.149,72,33.6,21.4,6.8,3.7,1.6,1.8,.517,.286,.759,10.9,.217,,,
385,Alex English,29,DEN,0.0,42.0,750,0.056,82,36.4,28.4,7.3,4.8,1.4,1.5,.516,.167,.829,10.3,.166,,,
386,Buck Williams,22,NJN,0.0,40.0,750,0.053,82,36.1,17.0,12.5,1.5,1.1,1.3,.588,.000,.620,11.4,.185,,,
387,Artis Gilmore,33,SAS,0.0,33.0,750,0.044,82,34.1,18.0,12.0,1.5,0.5,2.3,.626,.000,.740,11.0,.189,,,
388,George Gervin,30,SAS,0.0,30.0,750,0.040,78,36.3,26.2,4.6,3.4,1.1,0.9,.487,.364,.853,9.4,.159,,,
389,Kareem Abdul-Jabbar,35,LAL,0.0,15.0,750,0.020,79,32.3,21.8,7.5,2.5,0.8,2.2,.588,.000,.749,10.9,.205,,,
390,Moses Malone,26,HOU,40.0,507.0,690,0.735,81,42.0,31.1,14.7,1.8,0.9,1.5,.519,.000,.762,15.4,.218,,,
391,Larry Bird,25,BOS,20.0,406.0,690,0.588,77,38.0,22.9,10.9,5.8,1.9,0.9,.503,.212,.863,12.5,.205,,,
392,Julius Erving,31,PHI,1.0,203.0,690,0.294,81,34.4,24.4,6.9,3.9,2.0,1.7,.546,.273,.763,13.3,.229,,,
393,Robert Parish,28,BOS,4.0,131.0,690,0.190,80,31.7,19.9,10.8,1.8,0.9,2.4,.542,,.710,10.0,.190,,,
394,Gus Williams,28,SEA,2.0,115.0,690,0.167,80,36.0,23.4,3.1,6.9,2.2,0.5,.486,.225,.734,10.2,.171,,,
395,George Gervin,29,SAS,1.0,110.0,690,0.159,79,35.7,32.3,5.0,2.4,1.0,0.6,.500,.278,.864,10.7,.182,,,
396,Sidney Moncrief,24,MIL,1.0,101.0,690,0.146,80,37.3,19.8,6.7,4.8,1.7,0.3,.523,.071,.817,13.4,.216,,,
397,Magic Johnson,22,LAL,0.0,67.0,690,0.097,78,38.3,18.6,9.6,9.5,2.7,0.4,.537,.207,.760,12.9,.207,,,
398,Jack Sikma,26,SEA,0.0,33.0,690,0.048,82,37.2,19.6,12.7,3.4,1.2,1.3,.479,.154,.855,12.6,.199,,,
399,Kareem Abdul-Jabbar,34,LAL,0.0,31.0,690,0.045,76,35.2,23.9,8.7,3.0,0.8,2.7,.579,.000,.706,10.7,.192,,,
400,Julius Erving,30,PHI,28.0,454.0,690,0.658,82,35.0,24.6,8.0,4.4,2.1,1.8,.521,.222,.787,13.8,.231,,,
401,Larry Bird,24,BOS,20.0,423.0,690,0.613,82,39.5,21.2,10.9,5.5,2.0,0.8,.478,.270,.863,10.8,.160,,,
402,Kareem Abdul-Jabbar,33,LAL,8.0,286.0,690,0.414,80,37.2,26.2,10.3,3.4,0.7,2.9,.574,.000,.766,14.3,.230,,,
403,Moses Malone,25,HOU,8.0,180.0,690,0.261,80,40.6,27.8,14.8,1.8,1.0,1.9,.522,.333,.757,13.7,.202,,,
404,George Gervin,28,SAS,1.0,83.0,690,0.120,82,33.7,27.1,5.1,3.2,1.1,0.7,.492,.257,.826,10.5,.182,,,
405,Marques Johnson,24,MIL,1.0,73.0,690,0.106,76,33.4,20.3,6.8,4.6,1.5,0.5,.552,.000,.706,11.2,.211,,,
406,Robert Parish,27,BOS,0.0,53.0,690,0.077,82,28.0,18.9,9.5,1.8,1.0,2.6,.545,.000,.710,10.9,.228,,,
407,Dennis Johnson,26,PHO,0.0,50.0,690,0.072,79,33.1,18.8,4.6,3.7,1.7,0.8,.436,.216,.820,8.4,.154,,,
408,Tiny Archibald,32,BOS,0.0,32.0,690,0.046,80,35.3,13.8,2.2,7.7,0.9,0.2,.499,.000,.816,6.9,.118,,,
409,Jamaal Wilkes,27,LAL,0.0,19.0,690,0.028,81,37.4,22.6,5.4,2.9,1.5,0.4,.526,.077,.758,8.5,.135,,,
